Date,Price,Open,High,Low,Change %
"Dec 31, 2013",8.8504,8.8642,8.8869,8.8164,-0.19%
"Dec 30, 2013",8.8671,8.9416,8.9837,8.8411,-0.88%
"Dec 27, 2013",8.946,8.9625,9.0028,8.9334,-0.21%
"Dec 26, 2013",8.9649,8.983,8.9986,8.9506,-0.22%
"Dec 25, 2013",8.985,8.9724,9.0132,8.9543,0.10%
"Dec 24, 2013",8.9758,8.9864,9.0233,8.9571,-0.15%
"Dec 23, 2013",8.9891,9.0036,9.0157,8.9621,-0.20%
"Dec 20, 2013",9.0068,9.003,9.016,8.9545,-0.02%
"Dec 19, 2013",9.0082,8.9763,9.0226,8.9201,0.32%
"Dec 18, 2013",8.9797,9.0185,9.0368,8.9404,-0.50%
"Dec 17, 2013",9.0251,9.0472,9.0917,9.0027,-0.28%
"Dec 16, 2013",9.0504,9.0309,9.0595,9.0004,0.19%
"Dec 13, 2013",9.0336,9.0694,9.1029,9.0125,-0.45%
"Dec 12, 2013",9.0748,9.0257,9.1043,9.0089,0.53%
"Dec 11, 2013",9.0274,8.9936,9.0437,8.9819,0.36%
"Dec 10, 2013",8.9946,8.9693,9.0348,8.9583,0.27%
"Dec 09, 2013",8.9707,8.9102,8.9816,8.9039,0.62%
"Dec 06, 2013",8.9158,8.8661,8.9558,8.8515,0.53%
"Dec 05, 2013",8.8684,8.8293,8.8911,8.8162,0.41%
"Dec 04, 2013",8.832,8.8508,8.868,8.8154,-0.25%
"Dec 03, 2013",8.8544,8.8878,8.8971,8.8381,-0.40%
"Dec 02, 2013",8.8904,8.9162,8.9192,8.845,-0.36%
"Nov 29, 2013",8.9226,8.8981,8.9675,8.888,0.21%
"Nov 28, 2013",8.9035,8.9286,8.9707,8.8944,-0.34%
"Nov 27, 2013",8.9335,8.9198,8.945,8.8964,0.12%
"Nov 26, 2013",8.9232,8.8772,8.9301,8.857,0.48%
"Nov 25, 2013",8.8807,8.9049,8.931,8.8629,-0.37%
"Nov 22, 2013",8.9136,8.9394,8.9639,8.8742,-0.32%
"Nov 21, 2013",8.9418,8.923,8.9669,8.9096,0.15%
"Nov 20, 2013",8.928,8.9454,8.9779,8.89,-0.24%
"Nov 19, 2013",8.9497,8.9268,8.9803,8.9133,0.20%
"Nov 18, 2013",8.9319,8.9424,8.9785,8.9007,-0.19%
"Nov 15, 2013",8.9486,8.9428,8.98,8.9208,0.00%
"Nov 14, 2013",8.9486,8.9527,9.0104,8.9354,-0.07%
"Nov 13, 2013",8.955,8.9362,9.0026,8.9179,0.17%
"Nov 12, 2013",8.9395,8.7933,8.944,8.7883,1.63%
"Nov 11, 2013",8.7965,8.8028,8.8306,8.7873,-0.21%
"Nov 08, 2013",8.8154,8.7614,8.8602,8.7466,0.56%
"Nov 07, 2013",8.7662,8.7782,8.7952,8.6848,-0.16%
"Nov 06, 2013",8.7805,8.7911,8.8016,8.7609,-0.16%
"Nov 05, 2013",8.7942,8.7947,8.8217,8.7756,-0.05%
"Nov 04, 2013",8.7983,8.8124,8.8358,8.7614,-0.21%
"Nov 01, 2013",8.8171,8.8007,8.8397,8.7788,0.12%
"Oct 31, 2013",8.8061,8.7725,8.8268,8.7698,0.35%
"Oct 30, 2013",8.7752,8.7687,8.8119,8.7471,0.01%
"Oct 29, 2013",8.7744,8.7442,8.7969,8.7273,0.32%
"Oct 28, 2013",8.7463,8.7202,8.7589,8.7068,0.26%
"Oct 25, 2013",8.7232,8.7635,8.7804,8.7119,-0.47%
"Oct 24, 2013",8.7648,8.7758,8.8007,8.7552,-0.13%
"Oct 23, 2013",8.7764,8.7735,8.8019,8.7614,0.01%
"Oct 22, 2013",8.7759,8.746,8.7955,8.7308,0.30%
"Oct 21, 2013",8.7495,8.7834,8.8059,8.7358,-0.34%
"Oct 18, 2013",8.7792,8.7519,8.8019,8.7323,0.28%
"Oct 17, 2013",8.7549,8.7706,8.7926,8.729,-0.21%
"Oct 16, 2013",8.7737,8.7872,8.8207,8.76,-0.18%
"Oct 15, 2013",8.7896,8.7613,8.8038,8.7417,0.27%
"Oct 14, 2013",8.7661,8.761,8.8105,8.7515,-0.03%
"Oct 11, 2013",8.7686,8.7924,8.8127,8.7564,-0.29%
"Oct 10, 2013",8.7938,8.7403,8.8327,8.7232,0.56%
"Oct 09, 2013",8.7447,8.7307,8.7529,8.7091,0.13%
"Oct 08, 2013",8.7334,8.7092,8.7383,8.6842,0.24%
"Oct 07, 2013",8.7124,8.7102,8.7605,8.6973,-0.02%
"Oct 04, 2013",8.7142,8.6411,8.7214,8.6313,0.81%
"Oct 03, 2013",8.6438,8.6609,8.6736,8.6098,-0.24%
"Oct 02, 2013",8.6646,8.5994,8.6807,8.5961,0.71%
"Oct 01, 2013",8.6035,8.6912,8.7,8.5951,-1.08%
"Sep 30, 2013",8.6975,8.6682,8.7144,8.644,-0.01%
"Sep 27, 2013",8.6986,8.6474,8.7049,8.6421,0.53%
"Sep 26, 2013",8.6525,8.6782,8.6923,8.6377,-0.30%
"Sep 25, 2013",8.6789,8.6207,8.7014,8.5974,0.65%
"Sep 24, 2013",8.6231,8.6153,8.6567,8.6056,0.06%
"Sep 23, 2013",8.6178,8.6133,8.6242,8.5848,0.19%
"Sep 20, 2013",8.6013,8.5737,8.6179,8.5426,0.29%
"Sep 19, 2013",8.5764,8.6106,8.6239,8.5468,-0.43%
"Sep 18, 2013",8.6136,8.6322,8.6608,8.5812,-0.28%
"Sep 17, 2013",8.6374,8.6852,8.703,8.623,-0.56%
"Sep 16, 2013",8.6857,8.7262,8.739,8.6542,-0.40%
"Sep 13, 2013",8.7203,8.6687,8.7316,8.6527,0.56%
"Sep 12, 2013",8.6716,8.6742,8.704,8.653,-0.10%
"Sep 11, 2013",8.6806,8.679,8.6989,8.6607,-0.02%
"Sep 10, 2013",8.6826,8.6905,8.7188,8.6547,-0.15%
"Sep 09, 2013",8.6954,8.7054,8.7635,8.6846,-0.39%
"Sep 06, 2013",8.7297,8.7611,8.7834,8.6931,-0.37%
"Sep 05, 2013",8.7621,8.7028,8.786,8.698,0.64%
"Sep 04, 2013",8.7064,8.7137,8.7351,8.7001,-0.13%
"Sep 03, 2013",8.7179,8.7104,8.7256,8.6817,0.04%
"Sep 02, 2013",8.7143,8.7503,8.7591,8.7005,-0.46%
"Aug 30, 2013",8.7545,8.7207,8.7716,8.7107,0.34%
"Aug 29, 2013",8.7248,8.6768,8.7351,8.6466,0.52%
"Aug 28, 2013",8.6798,8.6849,8.7037,8.6457,-0.10%
"Aug 27, 2013",8.6883,8.7015,8.736,8.6725,-0.19%
"Aug 26, 2013",8.7045,8.6828,8.7386,8.6669,0.22%
"Aug 23, 2013",8.6854,8.7044,8.7383,8.672,-0.26%
"Aug 22, 2013",8.7083,8.7762,8.7868,8.6693,-0.80%
"Aug 21, 2013",8.7788,8.7016,8.7845,8.6835,0.94%
"Aug 20, 2013",8.6973,8.675,8.7294,8.6671,0.21%
"Aug 19, 2013",8.6791,8.6718,8.7259,8.6643,-0.03%
"Aug 16, 2013",8.6815,8.6816,8.7136,8.6668,-0.04%
"Aug 15, 2013",8.6853,8.6293,8.6949,8.6141,0.59%
"Aug 14, 2013",8.6346,8.6638,8.6892,8.6145,-0.38%
"Aug 13, 2013",8.6673,8.6813,8.6918,8.645,-0.23%
"Aug 12, 2013",8.687,8.6657,8.6989,8.6601,0.14%
"Aug 09, 2013",8.6745,8.6815,8.7034,8.6569,-0.12%
"Aug 08, 2013",8.6848,8.6807,8.7002,8.6647,0.02%
"Aug 07, 2013",8.6833,8.7144,8.7603,8.6763,-0.39%
"Aug 06, 2013",8.7171,8.7231,8.7327,8.6998,-0.10%
"Aug 05, 2013",8.7261,8.7515,8.7843,8.7168,-0.50%
"Aug 02, 2013",8.7697,8.7278,8.8229,8.7067,0.45%
"Aug 01, 2013",8.7302,8.6643,8.7371,8.6364,0.72%
"Jul 31, 2013",8.6679,8.6907,8.7455,8.6428,-0.29%
"Jul 30, 2013",8.6933,8.5873,8.7047,8.5699,1.20%
"Jul 29, 2013",8.5901,8.5856,8.6106,8.5565,-0.02%
"Jul 26, 2013",8.5916,8.6023,8.6216,8.5687,-0.18%
"Jul 25, 2013",8.6069,8.5842,8.6449,8.5675,0.24%
"Jul 24, 2013",8.5865,8.5207,8.6103,8.5168,0.74%
"Jul 23, 2013",8.5237,8.5502,8.5639,8.5123,-0.37%
"Jul 22, 2013",8.5553,8.5732,8.6043,8.5432,-0.40%
"Jul 19, 2013",8.5897,8.6156,8.6229,8.5704,-0.33%
"Jul 18, 2013",8.6181,8.6111,8.6474,8.6015,-0.03%
"Jul 17, 2013",8.6206,8.6574,8.6878,8.6022,-0.49%
"Jul 16, 2013",8.6629,8.7177,8.7463,8.6374,-0.69%
"Jul 15, 2013",8.7229,8.6862,8.7405,8.6862,0.17%
"Jul 12, 2013",8.708,8.7158,8.7374,8.677,-0.12%
"Jul 11, 2013",8.7188,8.7032,8.7959,8.6591,0.12%
"Jul 10, 2013",8.7082,8.6765,8.7261,8.6606,0.30%
"Jul 09, 2013",8.6824,8.7173,8.7447,8.6623,-0.46%
"Jul 08, 2013",8.7222,8.7049,8.8154,8.7049,0.06%
"Jul 05, 2013",8.7171,8.6155,8.7566,8.6058,1.15%
"Jul 04, 2013",8.6184,8.6979,8.7189,8.6052,-0.95%
"Jul 03, 2013",8.7011,8.7238,8.7691,8.6764,-0.32%
"Jul 02, 2013",8.729,8.7074,8.7415,8.6846,0.19%
"Jul 01, 2013",8.7123,8.7068,8.7444,8.6771,-0.12%
"Jun 28, 2013",8.7226,8.7855,8.8103,8.7067,-0.76%
"Jun 27, 2013",8.7891,8.7819,8.8066,8.7319,0.02%
"Jun 26, 2013",8.7874,8.7796,8.7972,8.6915,0.05%
"Jun 25, 2013",8.7828,8.8696,8.8852,8.7469,-1.01%
"Jun 24, 2013",8.8726,8.7516,8.9022,8.7298,1.30%
"Jun 21, 2013",8.7589,8.6824,8.8108,8.6566,0.84%
"Jun 20, 2013",8.6857,8.578,8.7285,8.56,1.20%
"Jun 19, 2013",8.5827,8.6234,8.6519,8.5355,-0.53%
"Jun 18, 2013",8.6288,8.6333,8.7002,8.6191,-0.10%
"Jun 17, 2013",8.6375,8.5836,8.6516,8.5783,0.55%
"Jun 14, 2013",8.5902,8.6565,8.6711,8.5763,-0.82%
"Jun 13, 2013",8.6612,8.6842,8.7222,8.6383,-0.31%
"Jun 12, 2013",8.6878,8.7179,8.735,8.6471,-0.38%
"Jun 11, 2013",8.7209,8.7158,8.7693,8.6873,-0.01%
"Jun 10, 2013",8.7221,8.6466,8.7325,8.6466,0.60%
"Jun 07, 2013",8.67,8.6629,8.7048,8.6461,0.02%
"Jun 06, 2013",8.6684,8.623,8.7028,8.596,0.46%
"Jun 05, 2013",8.6286,8.5779,8.6477,8.5715,0.54%
"Jun 04, 2013",8.5826,8.5475,8.5993,8.5405,0.36%
"Jun 03, 2013",8.5517,8.5049,8.6168,8.4984,-0.60%
"May 31, 2013",8.6032,8.5571,8.6211,8.5484,0.48%
"May 30, 2013",8.5619,8.5996,8.622,8.5503,-0.51%
"May 29, 2013",8.606,8.6376,8.654,8.5787,-0.40%
"May 28, 2013",8.6406,8.5816,8.6454,8.5545,0.65%
"May 27, 2013",8.5849,8.5809,8.6103,8.5738,-0.03%
"May 24, 2013",8.5872,8.5925,8.6374,8.5737,-0.13%
"May 23, 2013",8.5983,8.5357,8.6129,8.5228,0.69%
"May 22, 2013",8.5392,8.5339,8.5631,8.5226,0.02%
"May 21, 2013",8.5375,8.567,8.5869,8.525,-0.41%
"May 20, 2013",8.5728,8.5705,8.6089,8.5469,-0.24%
"May 17, 2013",8.5937,8.5906,8.6013,8.5618,-0.00%
"May 16, 2013",8.5941,8.5959,8.6052,8.5613,-0.04%
"May 15, 2013",8.5977,8.6108,8.6409,8.5678,-0.20%
"May 14, 2013",8.6149,8.5745,8.6589,8.5589,0.42%
"May 13, 2013",8.579,8.5406,8.5912,8.5276,0.13%
"May 10, 2013",8.5682,8.5475,8.5842,8.5197,0.20%
"May 09, 2013",8.5511,8.5589,8.5657,8.5165,-0.12%
"May 08, 2013",8.5618,8.5411,8.5701,8.5242,0.19%
"May 07, 2013",8.5457,8.5592,8.5777,8.5142,-0.20%
"May 06, 2013",8.5625,8.5241,8.5694,8.5058,0.41%
"May 03, 2013",8.5274,8.5397,8.5648,8.4967,-0.18%
"May 02, 2013",8.5427,8.5183,8.5763,8.5078,0.22%
"May 01, 2013",8.524,8.532,8.5581,8.4989,-0.12%
"Apr 30, 2013",8.5346,8.5602,8.5916,8.5048,-0.34%
"Apr 29, 2013",8.5638,8.5621,8.5834,8.5389,0.00%
"Apr 26, 2013",8.5638,8.5899,8.606,8.5394,-0.33%
"Apr 25, 2013",8.5925,8.6123,8.617,8.5672,-0.26%
"Apr 24, 2013",8.6149,8.6361,8.6507,8.5707,-0.30%
"Apr 23, 2013",8.6407,8.5271,8.6517,8.5132,1.27%
"Apr 22, 2013",8.5325,8.5469,8.5593,8.4836,0.01%
"Apr 19, 2013",8.5319,8.5313,8.5523,8.4922,-0.02%
"Apr 18, 2013",8.5339,8.4881,8.5508,8.4714,0.49%
"Apr 17, 2013",8.4923,8.383,8.4981,8.3668,1.27%
"Apr 16, 2013",8.3862,8.3749,8.3954,8.3575,0.11%
"Apr 15, 2013",8.3774,8.332,8.3844,8.3231,0.58%
"Apr 12, 2013",8.3289,8.3176,8.3547,8.2919,0.06%
"Apr 11, 2013",8.3241,8.3573,8.3714,8.2995,-0.35%
"Apr 10, 2013",8.3531,8.3537,8.3771,8.3234,-0.12%
"Apr 09, 2013",8.363,8.3478,8.3951,8.334,0.11%
"Apr 08, 2013",8.3535,8.377,8.3887,8.3317,-0.33%
"Apr 05, 2013",8.3808,8.4291,8.4467,8.3688,-0.68%
"Apr 04, 2013",8.4383,8.3611,8.4552,8.3449,0.95%
"Apr 03, 2013",8.3591,8.3153,8.3682,8.3041,0.46%
"Apr 02, 2013",8.3206,8.363,8.3736,8.3001,-0.61%
"Apr 01, 2013",8.3719,8.3412,8.3752,8.3393,0.06%
"Mar 29, 2013",8.3671,8.3531,8.3828,8.3393,0.07%
"Mar 28, 2013",8.3609,8.3247,8.3688,8.32,0.34%
"Mar 27, 2013",8.3327,8.3487,8.3551,8.2778,-0.17%
"Mar 26, 2013",8.3468,8.3757,8.3931,8.3306,-0.49%
"Mar 25, 2013",8.388,8.4291,8.4578,8.3662,-0.57%
"Mar 22, 2013",8.4359,8.3612,8.4453,8.3567,0.87%
"Mar 21, 2013",8.3632,8.3626,8.3919,8.3325,-0.09%
"Mar 20, 2013",8.371,8.3265,8.3801,8.3045,0.47%
"Mar 19, 2013",8.3316,8.3347,8.3546,8.3026,-0.09%
"Mar 18, 2013",8.3391,8.2573,8.3582,8.2465,-0.29%
"Mar 15, 2013",8.3632,8.3661,8.3803,8.3372,-0.09%
"Mar 14, 2013",8.3704,8.3253,8.3969,8.3151,0.48%
"Mar 13, 2013",8.3303,8.2767,8.3351,8.2496,0.48%
"Mar 12, 2013",8.2906,8.3323,8.3375,8.2714,-0.54%
"Mar 11, 2013",8.3357,8.3242,8.3438,8.3156,0.12%
"Mar 08, 2013",8.3259,8.2938,8.3377,8.2772,0.43%
"Mar 07, 2013",8.2902,8.3285,8.3412,8.2784,-0.48%
"Mar 06, 2013",8.3304,8.3224,8.339,8.2999,0.02%
"Mar 05, 2013",8.3284,8.3536,8.3708,8.3064,-0.35%
"Mar 04, 2013",8.3574,8.3758,8.3925,8.3471,-0.18%
"Mar 01, 2013",8.3725,8.4371,8.4508,8.3563,-0.87%
"Feb 28, 2013",8.446,8.4425,8.465,8.4091,-0.07%
"Feb 27, 2013",8.4523,8.4335,8.4599,8.4166,0.23%
"Feb 26, 2013",8.4333,8.4577,8.4799,8.4164,-0.35%
"Feb 25, 2013",8.4627,8.4523,8.4973,8.4376,0.02%
"Feb 22, 2013",8.4608,8.47,8.4957,8.4243,-0.08%
"Feb 21, 2013",8.4676,8.4221,8.4917,8.4038,0.43%
"Feb 20, 2013",8.4315,8.4367,8.462,8.3923,-0.11%
"Feb 19, 2013",8.4407,8.4697,8.4837,8.4246,-0.36%
"Feb 18, 2013",8.4716,8.4381,8.4814,8.4287,0.29%
"Feb 15, 2013",8.4472,8.4329,8.4768,8.4142,0.14%
"Feb 14, 2013",8.4352,8.4505,8.4756,8.4176,-0.26%
"Feb 13, 2013",8.457,8.5599,8.5772,8.4373,-1.26%
"Feb 12, 2013",8.5648,8.5654,8.5855,8.5325,-0.07%
"Feb 11, 2013",8.5709,8.598,8.6185,8.5516,-0.52%
"Feb 08, 2013",8.6157,8.5903,8.625,8.568,0.22%
"Feb 07, 2013",8.5969,8.5985,8.6491,8.579,-0.10%
"Feb 06, 2013",8.6054,8.5861,8.6111,8.5652,0.22%
"Feb 05, 2013",8.5865,8.5456,8.6124,8.521,0.38%
"Feb 04, 2013",8.5536,8.6074,8.6208,8.5377,-0.69%
"Feb 01, 2013",8.6131,8.6343,8.6562,8.5873,-0.28%
"Jan 31, 2013",8.6375,8.6088,8.6435,8.5975,0.29%
"Jan 30, 2013",8.6122,8.5903,8.6292,8.5574,0.24%
"Jan 29, 2013",8.5913,8.6372,8.6456,8.5698,-0.58%
"Jan 28, 2013",8.641,8.6933,8.7076,8.6188,-0.59%
"Jan 25, 2013",8.6925,8.6804,8.7091,8.6484,0.11%
"Jan 24, 2013",8.6831,8.6732,8.7138,8.6555,0.00%
"Jan 23, 2013",8.6831,8.6692,8.7111,8.657,0.14%
"Jan 22, 2013",8.6712,8.6879,8.7104,8.6473,-0.22%
"Jan 21, 2013",8.69,8.6636,8.7285,8.656,0.11%
"Jan 18, 2013",8.6801,8.6802,8.7118,8.6435,-0.05%
"Jan 17, 2013",8.6845,8.6369,8.6898,8.6257,0.48%
"Jan 16, 2013",8.6431,8.6456,8.6761,8.6115,-0.01%
"Jan 15, 2013",8.6439,8.6134,8.6759,8.5979,0.24%
"Jan 14, 2013",8.6233,8.6202,8.6493,8.6022,-0.04%
"Jan 11, 2013",8.6265,8.606,8.653,8.5928,0.19%
"Jan 10, 2013",8.6098,8.5735,8.616,8.5429,0.40%
"Jan 09, 2013",8.5752,8.5725,8.6036,8.5536,-0.03%
"Jan 08, 2013",8.5776,8.5268,8.5905,8.5037,0.55%
"Jan 07, 2013",8.5307,8.536,8.5592,8.4969,-0.15%
"Jan 04, 2013",8.5438,8.5217,8.5622,8.4951,0.24%
"Jan 03, 2013",8.5237,8.5506,8.5688,8.5088,-0.31%
"Jan 02, 2013",8.5504,8.5688,8.5982,8.5366,-0.31%
"Jan 01, 2013",8.577,8.5739,8.6435,8.5545,-0.02%
"Dec 31, 2012",8.5786,8.5861,8.6107,8.5576,-0.31%
"Dec 28, 2012",8.6051,8.6034,8.6273,8.5525,-0.01%
"Dec 27, 2012",8.606,8.6026,8.6447,8.5851,-0.03%
"Dec 26, 2012",8.6087,8.6269,8.6469,8.5716,-0.34%
"Dec 25, 2012",8.6382,8.6343,8.6679,8.6088,-0.11%
"Dec 24, 2012",8.6475,8.6232,8.6608,8.6095,0.09%
"Dec 21, 2012",8.6395,8.613,8.6501,8.5804,0.27%
"Dec 20, 2012",8.6165,8.668,8.6827,8.598,-0.65%
"Dec 19, 2012",8.6727,8.729,8.7461,8.6317,-0.68%
"Dec 18, 2012",8.732,8.7605,8.778,8.6977,-0.35%
"Dec 17, 2012",8.7627,8.775,8.8007,8.7256,-0.28%
"Dec 14, 2012",8.7873,8.7257,8.7893,8.7102,0.78%
"Dec 13, 2012",8.7194,8.695,8.7506,8.6735,0.21%
"Dec 12, 2012",8.7014,8.6401,8.7112,8.5986,0.69%
"Dec 11, 2012",8.6418,8.6583,8.666,8.6144,-0.24%
"Dec 10, 2012",8.6622,8.6207,8.6698,8.612,0.40%
"Dec 07, 2012",8.6276,8.6036,8.6425,8.5841,0.26%
"Dec 06, 2012",8.6048,8.6166,8.6437,8.5856,-0.20%
"Dec 05, 2012",8.6217,8.6331,8.6613,8.6052,-0.20%
"Dec 04, 2012",8.6386,8.6567,8.673,8.6137,-0.27%
"Dec 03, 2012",8.6623,8.6414,8.6818,8.6343,0.13%
"Nov 30, 2012",8.6512,8.6507,8.675,8.6321,-0.07%
"Nov 29, 2012",8.6575,8.6045,8.6614,8.5758,0.62%
"Nov 28, 2012",8.6043,8.6498,8.6681,8.5869,-0.58%
"Nov 27, 2012",8.6547,8.5698,8.6637,8.5443,0.96%
"Nov 26, 2012",8.5727,8.5825,8.6099,8.5549,-0.22%
"Nov 23, 2012",8.5919,8.5968,8.6153,8.5664,-0.20%
"Nov 22, 2012",8.6092,8.6147,8.6415,8.5855,-0.14%
"Nov 21, 2012",8.6214,8.6654,8.6805,8.6064,-0.56%
"Nov 20, 2012",8.6696,8.6138,8.6859,8.6024,0.59%
"Nov 19, 2012",8.6191,8.6392,8.6706,8.6042,-0.39%
"Nov 16, 2012",8.653,8.6401,8.6693,8.6192,0.04%
"Nov 15, 2012",8.6499,8.6352,8.6741,8.6203,0.07%
"Nov 14, 2012",8.6438,8.624,8.651,8.6032,0.22%
"Nov 13, 2012",8.6248,8.5852,8.6274,8.5719,0.47%
"Nov 12, 2012",8.5848,8.5628,8.5976,8.5568,0.18%
"Nov 09, 2012",8.5692,8.5012,8.5832,8.4917,0.72%
"Nov 08, 2012",8.5082,8.5364,8.5563,8.4916,-0.38%
"Nov 07, 2012",8.5404,8.5559,8.5921,8.5192,-0.28%
"Nov 06, 2012",8.5646,8.5538,8.5843,8.5297,0.01%
"Nov 05, 2012",8.5638,8.5998,8.6134,8.5424,-0.39%
"Nov 02, 2012",8.5976,8.5995,8.6397,8.5806,-0.16%
"Nov 01, 2012",8.6113,8.5875,8.6482,8.575,0.15%
"Oct 31, 2012",8.5987,8.6138,8.6296,8.5723,-0.08%
"Oct 30, 2012",8.6058,8.6162,8.6427,8.5796,-0.21%
"Oct 29, 2012",8.6235,8.6574,8.6897,8.5986,-0.50%
"Oct 26, 2012",8.6665,8.6778,8.7248,8.6404,-0.11%
"Oct 25, 2012",8.6761,8.6636,8.705,8.6205,0.06%
"Oct 24, 2012",8.6708,8.6258,8.6846,8.6109,0.47%
"Oct 23, 2012",8.63,8.604,8.6423,8.5859,0.21%
"Oct 22, 2012",8.6121,8.5618,8.6368,8.5517,0.47%
"Oct 19, 2012",8.5721,8.5682,8.5946,8.5377,-0.07%
"Oct 18, 2012",8.5779,8.6379,8.6506,8.5561,-0.77%
"Oct 17, 2012",8.6441,8.6253,8.6755,8.6174,0.17%
"Oct 16, 2012",8.6294,8.6193,8.6548,8.5996,0.06%
"Oct 15, 2012",8.6243,8.6629,8.6914,8.603,-0.56%
"Oct 12, 2012",8.6732,8.6611,8.7083,8.6439,0.10%
"Oct 11, 2012",8.6645,8.6113,8.6791,8.5861,0.50%
"Oct 10, 2012",8.6212,8.6208,8.6489,8.5697,-0.09%
"Oct 09, 2012",8.6288,8.6046,8.6371,8.5826,0.26%
"Oct 08, 2012",8.6067,8.5885,8.624,8.5834,0.06%
"Oct 05, 2012",8.6017,8.5914,8.6363,8.5524,0.05%
"Oct 04, 2012",8.597,8.6185,8.6431,8.5818,-0.35%
"Oct 03, 2012",8.6273,8.537,8.6422,8.5252,1.02%
"Oct 02, 2012",8.5406,8.4855,8.5615,8.4754,0.54%
"Oct 01, 2012",8.4949,8.4217,8.5053,8.4064,0.64%
"Sep 28, 2012",8.4409,8.4171,8.4629,8.4047,0.16%
"Sep 27, 2012",8.427,8.4724,8.5022,8.404,-0.59%
"Sep 26, 2012",8.4767,8.4632,8.5271,8.4512,-0.01%
"Sep 25, 2012",8.4773,8.484,8.5386,8.4405,-0.19%
"Sep 24, 2012",8.4938,8.5156,8.5389,8.4647,-0.26%
"Sep 21, 2012",8.516,8.4521,8.5611,8.4331,0.67%
"Sep 20, 2012",8.4594,8.4919,8.5189,8.441,-0.46%
"Sep 19, 2012",8.4982,8.548,8.5758,8.4747,-0.51%
"Sep 18, 2012",8.5417,8.5797,8.6476,8.5197,-0.97%
"Sep 17, 2012",8.6255,8.6061,8.6539,8.5848,0.23%
"Sep 14, 2012",8.6056,8.5339,8.6258,8.5159,0.82%
"Sep 13, 2012",8.5353,8.465,8.5653,8.437,0.78%
"Sep 12, 2012",8.4691,8.49,8.5259,8.4433,-0.26%
"Sep 11, 2012",8.4908,8.462,8.5241,8.4417,0.37%
"Sep 10, 2012",8.4593,8.4537,8.5034,8.4341,0.04%
"Sep 07, 2012",8.4556,8.5125,8.5531,8.4333,-0.83%
"Sep 06, 2012",8.5266,8.4906,8.5571,8.4507,0.56%
"Sep 05, 2012",8.4791,8.4295,8.5038,8.4114,0.44%
"Sep 04, 2012",8.4417,8.4143,8.4523,8.3927,0.21%
"Sep 03, 2012",8.424,8.3286,8.4443,8.3017,1.07%
"Aug 31, 2012",8.335,8.3561,8.3877,8.2998,-0.36%
"Aug 30, 2012",8.3652,8.3413,8.3828,8.32,0.25%
"Aug 29, 2012",8.3441,8.2848,8.375,8.2827,0.46%
"Aug 28, 2012",8.3062,8.2414,8.3222,8.1974,0.72%
"Aug 27, 2012",8.247,8.2513,8.2821,8.2143,-0.22%
"Aug 24, 2012",8.2652,8.272,8.3081,8.2274,-0.18%
"Aug 23, 2012",8.2797,8.2998,8.3463,8.2632,-0.43%
"Aug 22, 2012",8.3151,8.2968,8.3603,8.2811,0.17%
"Aug 21, 2012",8.3012,8.2375,8.3189,8.216,0.71%
"Aug 20, 2012",8.2428,8.2162,8.2639,8.1881,0.26%
"Aug 17, 2012",8.2213,8.2565,8.3198,8.2023,-0.59%
"Aug 16, 2012",8.2697,8.2023,8.2869,8.1865,0.75%
"Aug 15, 2012",8.2082,8.2396,8.2799,8.1912,-0.58%
"Aug 14, 2012",8.256,8.2579,8.2903,8.2149,-0.21%
"Aug 13, 2012",8.2732,8.1783,8.2844,8.1602,1.06%
"Aug 10, 2012",8.1868,8.2294,8.2676,8.1637,-0.57%
"Aug 09, 2012",8.2339,8.2672,8.2959,8.2061,-0.41%
"Aug 08, 2012",8.2681,8.3398,8.3569,8.2436,-0.87%
"Aug 07, 2012",8.341,8.3157,8.3593,8.2933,0.21%
"Aug 06, 2012",8.3236,8.3028,8.364,8.2848,0.18%
"Aug 03, 2012",8.3085,8.2912,8.3294,8.2484,0.16%
"Aug 02, 2012",8.2949,8.3081,8.3546,8.2543,-0.26%
"Aug 01, 2012",8.3162,8.3549,8.3861,8.2867,-0.60%
"Jul 31, 2012",8.3666,8.3189,8.3904,8.3017,0.56%
"Jul 30, 2012",8.3198,8.445,8.4765,8.3,-1.62%
"Jul 27, 2012",8.457,8.4394,8.5191,8.3958,0.14%
"Jul 26, 2012",8.4454,8.4687,8.4821,8.4103,-0.31%
"Jul 25, 2012",8.4718,8.4059,8.4855,8.4005,0.63%
"Jul 24, 2012",8.4184,8.3967,8.441,8.3796,0.22%
"Jul 23, 2012",8.4003,8.4264,8.4704,8.3722,-0.51%
"Jul 20, 2012",8.443,8.4901,8.5208,8.4158,-0.77%
"Jul 19, 2012",8.5083,8.5049,8.5372,8.4806,-0.11%
"Jul 18, 2012",8.5173,8.5552,8.569,8.4641,-0.49%
"Jul 17, 2012",8.5592,8.6342,8.6622,8.537,-0.94%
"Jul 16, 2012",8.64,8.5962,8.6537,8.589,0.34%
"Jul 13, 2012",8.6107,8.5598,8.6305,8.5427,0.41%
"Jul 12, 2012",8.5758,8.5606,8.6003,8.5461,0.11%
"Jul 11, 2012",8.5663,8.5639,8.5809,8.5174,0.08%
"Jul 10, 2012",8.5595,8.6075,8.6362,8.5222,-0.74%
"Jul 09, 2012",8.6237,8.6172,8.6624,8.5985,-0.04%
"Jul 06, 2012",8.6272,8.6256,8.6841,8.6041,-0.09%
"Jul 05, 2012",8.6349,8.6529,8.6776,8.5879,-0.26%
"Jul 04, 2012",8.6577,8.7378,8.7617,8.6348,-0.91%
"Jul 03, 2012",8.737,8.7103,8.7515,8.6947,0.30%
"Jul 02, 2012",8.711,8.7457,8.7757,8.6949,-0.60%
"Jun 29, 2012",8.7632,8.7449,8.7929,8.734,0.01%
"Jun 28, 2012",8.7627,8.7753,8.8236,8.7422,-0.28%
"Jun 27, 2012",8.7869,8.8194,8.8528,8.7678,-0.42%
"Jun 26, 2012",8.8237,8.819,8.8559,8.8014,-0.07%
"Jun 25, 2012",8.8302,8.7951,8.8538,8.784,0.21%
"Jun 22, 2012",8.8113,8.8104,8.8218,8.7787,-0.06%
"Jun 21, 2012",8.8162,8.826,8.8513,8.7919,-0.16%
"Jun 20, 2012",8.8303,8.8333,8.8559,8.8083,-0.09%
"Jun 19, 2012",8.8384,8.8241,8.8646,8.8049,0.10%
"Jun 18, 2012",8.8292,8.8354,8.8613,8.8139,-0.09%
"Jun 15, 2012",8.8371,8.8492,8.8697,8.8014,-0.20%
"Jun 14, 2012",8.8551,8.8312,8.8613,8.8051,0.19%
"Jun 13, 2012",8.8386,8.8417,8.8696,8.8036,-0.12%
"Jun 12, 2012",8.8488,8.8789,8.9003,8.8214,-0.44%
"Jun 11, 2012",8.8876,8.8943,8.9153,8.8462,-0.39%
"Jun 08, 2012",8.9225,8.974,8.9996,8.9049,-0.66%
"Jun 07, 2012",8.9822,8.9951,9.0537,8.9413,-0.23%
"Jun 06, 2012",9.0026,8.9673,9.0282,8.9501,0.33%
"Jun 05, 2012",8.9733,8.9536,8.9985,8.941,0.09%
"Jun 04, 2012",8.9655,9.0095,9.0268,8.9378,-0.54%
"Jun 01, 2012",9.014,8.9846,9.0311,8.9617,0.32%
"May 31, 2012",8.985,8.9738,9.0077,8.9473,0.01%
"May 30, 2012",8.9838,8.9949,9.0291,8.9323,-0.20%
"May 29, 2012",9.0019,8.9669,9.0261,8.953,0.23%
"May 28, 2012",8.9812,8.9648,9.0272,8.9469,-0.01%
"May 25, 2012",8.9818,8.9895,9.0208,8.9571,-0.28%
"May 24, 2012",9.0074,9.0093,9.0237,8.9579,-0.11%
"May 23, 2012",9.0169,9.0806,9.0991,8.9992,-0.78%
"May 22, 2012",9.0876,9.1044,9.1263,9.044,-0.28%
"May 21, 2012",9.1135,9.1259,9.1446,9.0766,-0.22%
"May 18, 2012",9.1334,9.1392,9.1632,9.0837,-0.14%
"May 17, 2012",9.1459,9.1132,9.1723,9.0752,0.27%
"May 16, 2012",9.1213,9.1235,9.1824,9.0633,-0.10%
"May 15, 2012",9.1305,9.0269,9.1495,9.0151,0.95%
"May 14, 2012",9.045,8.9927,9.0538,8.9721,0.67%
"May 11, 2012",8.985,8.9768,9.025,8.9623,0.03%
"May 10, 2012",8.9821,8.8936,8.9962,8.8757,0.89%
"May 09, 2012",8.9029,8.9106,8.9265,8.8713,-0.08%
"May 08, 2012",8.9099,8.9027,8.9339,8.8748,0.03%
"May 07, 2012",8.907,8.9126,8.936,8.8761,-0.19%
"May 04, 2012",8.924,8.8755,8.9367,8.8624,0.45%
"May 03, 2012",8.8841,8.8666,8.8967,8.8482,0.19%
"May 02, 2012",8.8674,8.8921,8.9114,8.8458,-0.39%
"May 01, 2012",8.9019,8.8986,8.9179,8.8642,-0.01%
"Apr 30, 2012",8.903,8.8914,8.9318,8.8753,0.01%
"Apr 27, 2012",8.9024,8.8701,8.9238,8.8576,0.26%
"Apr 26, 2012",8.8792,8.8812,8.8993,8.8548,-0.09%
"Apr 25, 2012",8.8873,8.8819,8.9114,8.8647,-0.00%
"Apr 24, 2012",8.8875,8.8767,8.9105,8.8545,0.00%
"Apr 23, 2012",8.8873,8.8228,8.91,8.8143,0.50%
"Apr 20, 2012",8.8432,8.8349,8.8643,8.8147,-0.07%
"Apr 19, 2012",8.8498,8.8435,8.863,8.8142,-0.04%
"Apr 18, 2012",8.8537,8.8808,8.9106,8.8211,-0.40%
"Apr 17, 2012",8.889,8.8828,8.9053,8.8573,-0.00%
"Apr 16, 2012",8.8892,8.8749,8.9017,8.8595,0.03%
"Apr 13, 2012",8.8862,8.8943,8.9262,8.854,-0.11%
"Apr 12, 2012",8.8957,8.9031,8.9253,8.8634,-0.25%
"Apr 11, 2012",8.9182,8.8984,8.9324,8.8796,0.15%
"Apr 10, 2012",8.9047,8.849,8.9187,8.8308,0.57%
"Apr 09, 2012",8.8544,8.8238,8.8902,8.8141,0.15%
"Apr 06, 2012",8.8415,8.815,8.8549,8.784,0.21%
"Apr 05, 2012",8.823,8.7945,8.8381,8.7755,0.24%
"Apr 04, 2012",8.8023,8.7782,8.8346,8.7613,0.18%
"Apr 03, 2012",8.7865,8.7867,8.8133,8.7632,-0.17%
"Apr 02, 2012",8.8018,8.812,8.8331,8.7756,-0.26%
"Mar 30, 2012",8.8245,8.8577,8.8948,8.8029,-0.50%
"Mar 29, 2012",8.8689,8.8691,8.883,8.821,0.01%
"Mar 28, 2012",8.8681,8.8996,8.9191,8.8402,-0.41%
"Mar 27, 2012",8.9043,8.8946,8.921,8.874,-0.02%
"Mar 26, 2012",8.9061,8.9269,8.965,8.8806,-0.33%
"Mar 23, 2012",8.936,8.9329,8.9691,8.906,-0.00%
"Mar 22, 2012",8.9361,8.8754,8.9505,8.8542,0.62%
"Mar 21, 2012",8.881,8.918,8.9344,8.8595,-0.46%
"Mar 20, 2012",8.9222,8.8868,8.9313,8.8649,0.36%
"Mar 19, 2012",8.8906,8.8573,8.9029,8.8436,0.07%
"Mar 16, 2012",8.8844,8.8763,8.9076,8.8392,0.06%
"Mar 15, 2012",8.8787,8.9211,8.9611,8.8547,-0.58%
"Mar 14, 2012",8.9307,8.8568,8.9482,8.8411,0.78%
"Mar 13, 2012",8.8613,8.9477,8.9557,8.8476,-0.96%
"Mar 12, 2012",8.9476,8.9012,8.9664,8.8936,0.22%
"Mar 09, 2012",8.928,8.8876,8.9345,8.8664,0.43%
"Mar 08, 2012",8.8895,8.9105,8.9519,8.871,-0.32%
"Mar 07, 2012",8.9178,8.9082,8.949,8.8847,0.17%
"Mar 06, 2012",8.9026,8.8488,8.9199,8.8275,0.53%
"Mar 05, 2012",8.8559,8.8096,8.8689,8.7877,0.47%
"Mar 02, 2012",8.8149,8.814,8.8454,8.7888,-0.01%
"Mar 01, 2012",8.8154,8.8184,8.8328,8.7915,-0.02%
"Feb 29, 2012",8.8176,8.8169,8.8469,8.7788,-0.03%
"Feb 28, 2012",8.8202,8.828,8.8508,8.7972,-0.20%
"Feb 27, 2012",8.8378,8.8119,8.8567,8.7954,0.24%
"Feb 24, 2012",8.8169,8.8377,8.8663,8.7981,-0.36%
"Feb 23, 2012",8.8486,8.8167,8.8589,8.7997,0.27%
"Feb 22, 2012",8.8252,8.8006,8.8408,8.7719,0.25%
"Feb 21, 2012",8.8036,8.8106,8.8313,8.7808,-0.12%
"Feb 20, 2012",8.814,8.8135,8.8493,8.7896,-0.29%
"Feb 17, 2012",8.8399,8.8153,8.8548,8.7963,0.15%
"Feb 16, 2012",8.8266,8.7831,8.8506,8.7591,0.46%
"Feb 15, 2012",8.7863,8.7737,8.7949,8.7508,0.08%
"Feb 14, 2012",8.7796,8.7839,8.8055,8.7608,-0.11%
"Feb 13, 2012",8.7896,8.7874,8.8331,8.7694,-0.04%
"Feb 10, 2012",8.7933,8.8053,8.8366,8.7775,-0.17%
"Feb 09, 2012",8.8081,8.813,8.8377,8.7887,-0.08%
"Feb 08, 2012",8.8148,8.8213,8.8575,8.7904,-0.15%
"Feb 07, 2012",8.8281,8.8191,8.8474,8.8005,0.06%
"Feb 06, 2012",8.8229,8.7785,8.8297,8.7624,0.42%
"Feb 03, 2012",8.786,8.8556,8.8651,8.7675,-0.86%
"Feb 02, 2012",8.862,8.8625,8.8878,8.8268,-0.12%
"Feb 01, 2012",8.8725,8.8931,8.9261,8.846,-0.26%
"Jan 31, 2012",8.8957,8.8551,8.9187,8.8401,0.38%
"Jan 30, 2012",8.8618,8.9052,8.9371,8.8363,-0.59%
"Jan 27, 2012",8.9143,8.8842,8.9288,8.8627,0.26%
"Jan 26, 2012",8.8908,8.8327,8.9008,8.8042,0.60%
"Jan 25, 2012",8.8381,8.8018,8.8612,8.7736,0.36%
"Jan 24, 2012",8.806,8.7708,8.8209,8.7555,0.38%
"Jan 23, 2012",8.7731,8.7676,8.8145,8.7375,-0.04%
"Jan 20, 2012",8.777,8.7479,8.7902,8.7292,0.26%
"Jan 19, 2012",8.7546,8.7966,8.8122,8.7313,-0.53%
"Jan 18, 2012",8.801,8.821,8.8446,8.7764,-0.26%
"Jan 17, 2012",8.8243,8.8393,8.8589,8.7892,-0.25%
"Jan 16, 2012",8.8464,8.8621,8.8909,8.8194,-0.27%
"Jan 13, 2012",8.87,8.8747,8.9135,8.8535,-0.16%
"Jan 12, 2012",8.884,8.8151,8.9054,8.7904,0.76%
"Jan 11, 2012",8.8169,8.8074,8.8424,8.7842,0.07%
"Jan 10, 2012",8.8111,8.8011,8.8372,8.7721,0.09%
"Jan 09, 2012",8.8033,8.815,8.8595,8.7809,-0.33%
"Jan 06, 2012",8.8327,8.865,8.8729,8.7967,-0.39%
"Jan 05, 2012",8.867,8.8426,8.8788,8.8057,0.26%
"Jan 04, 2012",8.8441,8.8957,8.9252,8.8194,-0.70%
"Jan 03, 2012",8.9065,8.918,8.9491,8.8812,-0.18%
"Jan 02, 2012",8.9223,8.8972,8.9538,8.8784,-0.05%
"Dec 30, 2011",8.9271,8.9271,8.9638,8.8822,-0.08%
"Dec 29, 2011",8.9339,8.9316,8.9581,8.8978,-0.02%
"Dec 28, 2011",8.9359,8.9476,8.9858,8.9245,-0.23%
"Dec 27, 2011",8.9563,8.9843,9.0062,8.9159,-0.33%
"Dec 26, 2011",8.9861,8.9626,9.0053,8.9564,0.14%
"Dec 23, 2011",8.9734,8.9611,8.9947,8.9332,0.03%
"Dec 22, 2011",8.9703,8.9881,9.0272,8.9376,-0.29%
"Dec 21, 2011",8.9963,8.9766,9.0137,8.9359,0.18%
"Dec 20, 2011",8.9804,9.0067,9.0219,8.9376,-0.29%
"Dec 19, 2011",9.0069,9.0135,9.0382,8.9443,-0.18%
"Dec 16, 2011",9.0233,9.0721,9.0995,9.0034,-0.63%
"Dec 15, 2011",9.0804,9.0768,9.1132,9.0442,-0.06%
"Dec 14, 2011",9.0856,9.1034,9.1241,9.0695,-0.26%
"Dec 13, 2011",9.109,9.0609,9.1248,9.025,0.47%
"Dec 12, 2011",9.0664,9.0049,9.077,8.9813,0.69%
"Dec 09, 2011",9.0045,9.0553,9.0702,8.9886,-0.64%
"Dec 08, 2011",9.0624,9.0013,9.075,8.9745,0.64%
"Dec 07, 2011",9.0048,9.0169,9.0407,8.9886,-0.26%
"Dec 06, 2011",9.0285,9.0554,9.0838,9.0069,-0.39%
"Dec 05, 2011",9.0634,9.0415,9.0694,9.0163,0.20%
"Dec 02, 2011",9.0454,9.1079,9.1281,9.0228,-0.80%
"Dec 01, 2011",9.1184,9.0887,9.1515,9.0677,0.27%
"Nov 30, 2011",9.0937,9.1692,9.2126,9.0657,-0.92%
"Nov 29, 2011",9.1781,9.279,9.2957,9.1606,-1.17%
"Nov 28, 2011",9.2866,9.2577,9.2969,9.2227,0.11%
"Nov 25, 2011",9.2767,9.2576,9.2939,9.2249,0.14%
"Nov 24, 2011",9.2638,9.2303,9.2839,9.1997,0.30%
"Nov 23, 2011",9.2359,9.2088,9.2474,9.1868,0.20%
"Nov 22, 2011",9.2172,9.1928,9.2394,9.17,0.22%
"Nov 21, 2011",9.1974,9.1631,9.217,9.1286,0.22%
"Nov 18, 2011",9.1775,9.1586,9.1864,9.13,0.20%
"Nov 17, 2011",9.1594,9.1679,9.1911,9.1309,-0.10%
"Nov 16, 2011",9.1687,9.1108,9.1791,9.0934,0.46%
"Nov 15, 2011",9.1264,9.1047,9.1609,9.083,0.17%
"Nov 14, 2011",9.1107,9.0847,9.1399,9.0622,0.22%
"Nov 11, 2011",9.0911,9.0913,9.1142,9.0677,-0.08%
"Nov 10, 2011",9.0983,9.0592,9.1029,9.0317,0.41%
"Nov 09, 2011",9.0612,9.0294,9.093,9.013,0.30%
"Nov 08, 2011",9.0338,9.0294,9.0611,9.0091,-0.05%
"Nov 07, 2011",9.0386,9.0582,9.1083,9.0217,-0.37%
"Nov 04, 2011",9.0724,9.0665,9.1235,9.046,-0.13%
"Nov 03, 2011",9.0843,9.076,9.1203,9.0058,-0.04%
"Nov 02, 2011",9.0876,9.0487,9.1138,9.0354,0.36%
"Nov 01, 2011",9.0553,9.0088,9.0816,8.9894,0.46%
"Oct 31, 2011",9.014,8.9974,9.0509,8.9809,-0.23%
"Oct 28, 2011",9.0347,8.9807,9.0487,8.9727,0.43%
"Oct 27, 2011",8.9956,9.0647,9.0776,8.9691,-0.81%
"Oct 26, 2011",9.0694,9.1104,9.1339,9.0461,-0.63%
"Oct 25, 2011",9.1272,9.1035,9.1414,9.0838,0.13%
"Oct 24, 2011",9.1153,9.1041,9.1414,9.0776,0.22%
"Oct 21, 2011",9.095,9.1084,9.1425,9.0595,-0.35%
"Oct 20, 2011",9.1267,9.1054,9.1466,9.0738,-0.03%
"Oct 19, 2011",9.1296,9.1134,9.1676,9.083,0.10%
"Oct 18, 2011",9.1206,9.148,9.1978,9.1006,-0.42%
"Oct 17, 2011",9.1587,9.1383,9.182,9.0995,0.05%
"Oct 14, 2011",9.1539,9.1366,9.1753,9.099,-0.06%
"Oct 13, 2011",9.1597,9.1306,9.1898,9.0906,0.22%
"Oct 12, 2011",9.1392,9.106,9.1517,9.0824,0.30%
"Oct 11, 2011",9.1118,9.0653,9.1487,9.0594,0.29%
"Oct 10, 2011",9.0852,9.1122,9.1541,9.0586,-0.26%
"Oct 07, 2011",9.1091,9.1439,9.1652,9.0862,-0.51%
"Oct 06, 2011",9.1555,9.1456,9.2198,9.1046,0.01%
"Oct 05, 2011",9.1547,9.1223,9.1986,9.0892,0.32%
"Oct 04, 2011",9.1258,9.1415,9.2154,9.0851,-0.22%
"Oct 03, 2011",9.1459,9.1998,9.2371,9.0885,-0.51%
"Sep 30, 2011",9.1925,9.2393,9.2843,9.1423,-0.67%
"Sep 29, 2011",9.2546,9.2239,9.2737,9.183,0.25%
"Sep 28, 2011",9.2311,9.1802,9.2455,9.14,0.41%
"Sep 27, 2011",9.1933,9.2078,9.2357,9.1344,-0.24%
"Sep 26, 2011",9.2152,9.332,9.357,9.1888,-1.59%
"Sep 23, 2011",9.3637,9.2746,9.3797,9.2185,0.88%
"Sep 22, 2011",9.2824,9.1756,9.3251,9.1733,1.00%
"Sep 21, 2011",9.1908,9.0534,9.2133,9.0349,1.46%
"Sep 20, 2011",9.0581,9.126,9.1725,9.0411,-0.88%
"Sep 19, 2011",9.1382,9.1214,9.2025,9.1066,0.36%
"Sep 16, 2011",9.1053,9.1233,9.1831,9.0903,-0.37%
"Sep 15, 2011",9.1394,9.2098,9.2621,9.1063,-0.90%
"Sep 14, 2011",9.2222,9.1099,9.2484,9.0982,1.01%
"Sep 13, 2011",9.1303,9.1397,9.19,9.0849,-0.16%
"Sep 12, 2011",9.1446,8.9146,9.1933,8.8859,2.32%
"Sep 09, 2011",8.9369,8.9122,8.9805,8.85,0.14%
"Sep 08, 2011",8.9246,8.9618,8.9991,8.9017,-0.50%
"Sep 07, 2011",8.969,9.0379,9.0609,8.9321,-0.84%
"Sep 06, 2011",9.0453,9.1062,9.1409,9.0009,-0.72%
"Sep 05, 2011",9.111,9.0632,9.1263,9.0588,0.42%
"Sep 02, 2011",9.0731,9.1356,9.1654,9.0534,-0.72%
"Sep 01, 2011",9.1387,9.1042,9.166,9.0614,0.24%
"Aug 31, 2011",9.1172,9.1573,9.1935,9.0831,-0.65%
"Aug 30, 2011",9.177,9.131,9.2158,9.1097,0.44%
"Aug 29, 2011",9.137,9.1101,9.1632,9.0839,0.10%
"Aug 26, 2011",9.1279,9.0806,9.1614,9.0696,0.37%
"Aug 25, 2011",9.094,9.1131,9.1454,9.0657,-0.34%
"Aug 24, 2011",9.1249,9.1162,9.1752,9.0875,0.02%
"Aug 23, 2011",9.1233,9.1269,9.1634,9.0761,-0.21%
"Aug 22, 2011",9.1425,9.1831,9.2341,9.1061,-0.75%
"Aug 19, 2011",9.2114,9.2317,9.2762,9.1501,-0.26%
"Aug 18, 2011",9.2355,9.1139,9.2484,9.1024,1.13%
"Aug 17, 2011",9.1321,9.1995,9.2371,9.1039,-0.87%
"Aug 16, 2011",9.2124,9.2352,9.2954,9.1891,-0.46%
"Aug 15, 2011",9.2546,9.2636,9.3233,9.1955,-0.45%
"Aug 12, 2011",9.2962,9.2262,9.3021,9.1986,0.57%
"Aug 11, 2011",9.2435,9.3195,9.3482,9.2001,-0.99%
"Aug 10, 2011",9.3359,9.2518,9.3414,9.1891,0.90%
"Aug 09, 2011",9.2527,9.1978,9.3621,9.1713,0.48%
"Aug 08, 2011",9.2087,9.2516,9.3043,9.1807,-0.21%
"Aug 05, 2011",9.2278,9.2287,9.2645,9.1453,-0.12%
"Aug 04, 2011",9.2386,9.0773,9.249,9.0494,1.72%
"Aug 03, 2011",9.0822,9.0969,9.1347,9.0511,-0.24%
"Aug 02, 2011",9.1042,9.0017,9.1186,8.9529,1.09%
"Aug 01, 2011",9.0056,9.0187,9.068,8.9783,-0.24%
"Jul 29, 2011",9.0271,9.0612,9.1207,9.0068,-0.38%
"Jul 28, 2011",9.0617,9.1162,9.1352,9.0334,-0.66%
"Jul 27, 2011",9.1215,9.0457,9.1391,9.035,0.64%
"Jul 26, 2011",9.0631,9.1032,9.1227,9.0402,-0.53%
"Jul 25, 2011",9.1113,9.0842,9.1328,9.0661,0.20%
"Jul 22, 2011",9.0928,9.0877,9.1549,9.0367,0.01%
"Jul 21, 2011",9.092,9.1443,9.1607,9.0564,-0.71%
"Jul 20, 2011",9.1566,9.1961,9.2122,9.1295,-0.57%
"Jul 19, 2011",9.2094,9.243,9.2769,9.1828,-0.39%
"Jul 18, 2011",9.2451,9.1753,9.2881,9.1659,0.76%
"Jul 15, 2011",9.1751,9.1848,9.2496,9.1658,-0.27%
"Jul 14, 2011",9.1997,9.1762,9.2368,9.1419,0.08%
"Jul 13, 2011",9.1926,9.1835,9.2583,9.1468,-0.13%
"Jul 12, 2011",9.205,9.2004,9.273,9.1513,-0.03%
"Jul 11, 2011",9.2075,9.0962,9.2169,9.0823,1.13%
"Jul 08, 2011",9.1044,9.0695,9.161,9.0454,0.36%
"Jul 07, 2011",9.0721,9.0869,9.1256,9.0423,-0.29%
"Jul 06, 2011",9.0986,9.0584,9.1176,9.031,0.38%
"Jul 05, 2011",9.0642,9.0943,9.1192,9.044,-0.36%
"Jul 04, 2011",9.0973,9.0916,9.1255,9.0545,-0.11%
"Jul 01, 2011",9.1072,9.1635,9.1844,9.0742,-0.74%
"Jun 30, 2011",9.175,9.149,9.19,9.1271,0.22%
"Jun 29, 2011",9.1545,9.2447,9.2831,9.1352,-1.03%
"Jun 28, 2011",9.2499,9.1915,9.2812,9.1725,0.56%
"Jun 27, 2011",9.1982,9.2178,9.2448,9.1696,-0.29%
"Jun 24, 2011",9.2246,9.1903,9.2355,9.1535,0.31%
"Jun 23, 2011",9.1961,9.136,9.2417,9.1052,0.61%
"Jun 22, 2011",9.1403,9.1538,9.1817,9.1143,-0.25%
"Jun 21, 2011",9.1636,9.1618,9.1902,9.1192,-0.07%
"Jun 20, 2011",9.17,9.1739,9.2149,9.1396,0.14%
"Jun 17, 2011",9.1573,9.1607,9.2253,9.1408,-0.11%
"Jun 16, 2011",9.1673,9.1748,9.2322,9.1482,-0.16%
"Jun 15, 2011",9.1817,9.1385,9.2051,9.1088,0.33%
"Jun 14, 2011",9.1519,9.0951,9.1732,9.0746,0.42%
"Jun 13, 2011",9.114,9.0787,9.1401,9.0612,0.40%
"Jun 10, 2011",9.078,9.0439,9.1206,9.0257,0.28%
"Jun 09, 2011",9.0524,9.0198,9.0881,9.0026,0.29%
"Jun 08, 2011",9.0261,9.0173,9.0598,8.9871,0.04%
"Jun 07, 2011",9.0225,9.0126,9.0319,8.9847,-0.00%
"Jun 06, 2011",9.0229,8.9617,9.0366,8.9395,0.49%
"Jun 03, 2011",8.9787,8.9769,9.0445,8.941,-0.05%
"Jun 02, 2011",8.9834,8.9659,9.0114,8.945,0.04%
"Jun 01, 2011",8.9802,8.8749,8.99,8.8595,1.10%
"May 31, 2011",8.8824,8.878,8.9119,8.8575,-0.09%
"May 30, 2011",8.8902,8.8959,8.9239,8.8609,-0.18%
"May 27, 2011",8.9058,8.8827,8.9293,8.8665,0.03%
"May 26, 2011",8.9029,8.9025,8.9413,8.8785,-0.28%
"May 25, 2011",8.9281,8.9336,8.9591,8.89,-0.14%
"May 24, 2011",8.9404,8.9284,8.9572,8.8942,0.01%
"May 23, 2011",8.9399,8.9068,8.9606,8.8926,0.04%
"May 20, 2011",8.9367,8.9453,8.9695,8.8991,-0.19%
"May 19, 2011",8.9538,8.967,9.0051,8.9189,-0.24%
"May 18, 2011",8.9751,8.9946,9.0131,8.9548,-0.34%
"May 17, 2011",9.0055,8.9891,9.0247,8.9651,0.05%
"May 16, 2011",9.0007,9.0103,9.0449,8.971,-0.28%
"May 13, 2011",9.026,8.9641,9.0357,8.9435,0.63%
"May 12, 2011",8.9699,8.9828,9.0176,8.9402,-0.26%
"May 11, 2011",8.9929,8.9567,8.9991,8.9328,0.34%
"May 10, 2011",8.962,8.9773,9.0099,8.9322,-0.28%
"May 09, 2011",8.9872,9.024,9.0439,8.9537,-0.50%
"May 06, 2011",9.0325,9.0603,9.0733,8.979,-0.34%
"May 05, 2011",9.0636,9.0277,9.0845,8.9968,0.25%
"May 04, 2011",9.0413,8.9627,9.0536,8.9503,0.75%
"May 03, 2011",8.9739,8.9163,8.9842,8.8921,0.55%
"May 02, 2011",8.9249,8.939,8.9593,8.8857,-0.22%
"Apr 29, 2011",8.9445,8.9032,8.9826,8.8783,0.32%
"Apr 28, 2011",8.9159,8.9189,8.9975,8.8857,-0.18%
"Apr 27, 2011",8.9324,8.9424,8.9554,8.9007,-0.24%
"Apr 26, 2011",8.9542,8.8869,8.9758,8.8697,0.66%
"Apr 25, 2011",8.8956,8.8732,8.9082,8.8389,-0.02%
"Apr 22, 2011",8.8973,8.8671,8.9193,8.8496,0.15%
"Apr 21, 2011",8.8839,8.8879,8.9275,8.8516,-0.21%
"Apr 20, 2011",8.9023,8.9079,8.943,8.8612,-0.19%
"Apr 19, 2011",8.919,8.967,8.9874,8.8937,-0.59%
"Apr 18, 2011",8.9717,8.9189,8.9871,8.8972,0.26%
"Apr 15, 2011",8.9484,8.9958,9.0167,8.9026,-0.65%
"Apr 14, 2011",9.0071,9.0263,9.0531,8.978,-0.37%
"Apr 13, 2011",9.0403,9.1087,9.1321,9.0039,-0.87%
"Apr 12, 2011",9.1201,9.0245,9.1283,9.0212,0.90%
"Apr 11, 2011",9.0387,8.975,9.0611,8.9254,0.73%
"Apr 08, 2011",8.9729,9.0322,9.0612,8.9554,-0.76%
"Apr 07, 2011",9.0413,9.0213,9.079,8.9967,0.09%
"Apr 06, 2011",9.0334,9.0011,9.0566,8.973,0.31%
"Apr 05, 2011",9.0056,8.9893,9.0451,8.9723,0.06%
"Apr 04, 2011",9,8.937,9.0152,8.9138,0.38%
"Apr 01, 2011",8.9662,8.9413,8.9816,8.9094,0.12%
"Mar 31, 2011",8.9559,8.9219,8.969,8.9054,0.19%
"Mar 30, 2011",8.9392,8.9318,8.9634,8.8997,0.03%
"Mar 29, 2011",8.9368,8.9922,9.0092,8.9199,-0.68%
"Mar 28, 2011",8.9984,8.9691,9.0329,8.9449,0.07%
"Mar 25, 2011",8.9923,8.9527,9.0145,8.926,0.30%
"Mar 24, 2011",8.9654,8.9301,8.9801,8.9005,0.29%
"Mar 23, 2011",8.9398,8.9535,8.9704,8.9145,-0.28%
"Mar 22, 2011",8.9649,8.9064,8.9856,8.8836,0.51%
"Mar 21, 2011",8.9192,8.8865,8.9424,8.8402,0.23%
"Mar 18, 2011",8.899,8.9837,9.0278,8.871,-1.03%
"Mar 17, 2011",8.992,9.0005,9.0371,8.9633,-0.26%
"Mar 16, 2011",9.0152,8.9576,9.0488,8.9285,0.52%
"Mar 15, 2011",8.9687,8.8728,8.9901,8.8469,1.13%
"Mar 14, 2011",8.8688,8.8085,8.8953,8.7986,0.50%
"Mar 11, 2011",8.8246,8.8293,8.858,8.7916,-0.09%
"Mar 10, 2011",8.8323,8.7895,8.8463,8.7717,0.45%
"Mar 09, 2011",8.7923,8.8485,8.8648,8.7715,-0.77%
"Mar 08, 2011",8.8606,8.8737,8.8919,8.8133,-0.23%
"Mar 07, 2011",8.8814,8.8656,8.9041,8.8474,-0.02%
"Mar 04, 2011",8.883,8.8176,8.8951,8.7757,0.66%
"Mar 03, 2011",8.8247,8.7452,8.8492,8.7096,0.85%
"Mar 02, 2011",8.7499,8.7294,8.7798,8.7011,0.18%
"Mar 01, 2011",8.7341,8.7266,8.7401,8.6877,-0.05%
"Feb 28, 2011",8.7383,8.8316,8.8578,8.6894,-1.12%
"Feb 25, 2011",8.8374,8.8142,8.8618,8.7878,0.32%
"Feb 24, 2011",8.8091,8.7858,8.8347,8.7608,0.12%
"Feb 23, 2011",8.7986,8.8004,8.8267,8.7566,-0.03%
"Feb 22, 2011",8.8014,8.7803,8.84,8.7472,0.12%
"Feb 21, 2011",8.791,8.7399,8.7999,8.7269,0.51%
"Feb 18, 2011",8.746,8.7071,8.7781,8.692,0.40%
"Feb 17, 2011",8.7109,8.7021,8.7548,8.6874,-0.06%
"Feb 16, 2011",8.7165,8.734,8.7852,8.6894,-0.29%
"Feb 15, 2011",8.7416,8.7436,8.7916,8.7064,-0.06%
"Feb 14, 2011",8.7469,8.7782,8.7974,8.7294,-0.47%
"Feb 11, 2011",8.7878,8.7924,8.847,8.7575,-0.13%
"Feb 10, 2011",8.7992,8.8258,8.855,8.7792,-0.45%
"Feb 09, 2011",8.8391,8.7627,8.8485,8.7472,0.80%
"Feb 08, 2011",8.7689,8.7696,8.7954,8.7458,-0.04%
"Feb 07, 2011",8.7725,8.7963,8.831,8.7528,-0.39%
"Feb 04, 2011",8.8068,8.8182,8.8558,8.7817,-0.20%
"Feb 03, 2011",8.8248,8.8587,8.8933,8.8046,-0.45%
"Feb 02, 2011",8.8649,8.7913,8.8972,8.7819,0.67%
"Feb 01, 2011",8.8057,8.8238,8.8368,8.7734,-0.35%
"Jan 31, 2011",8.8363,8.8589,8.9127,8.8018,-0.56%
"Jan 28, 2011",8.8857,8.8268,8.9085,8.8135,0.58%
"Jan 27, 2011",8.8348,8.8519,8.8889,8.807,-0.28%
"Jan 26, 2011",8.8592,8.933,8.9436,8.8403,-0.93%
"Jan 25, 2011",8.942,8.9645,8.991,8.8907,-0.42%
"Jan 24, 2011",8.9799,8.9575,8.9934,8.9356,0.11%
"Jan 21, 2011",8.9699,8.9647,9.0248,8.9349,-0.00%
"Jan 20, 2011",8.9703,8.9151,8.982,8.8961,0.61%
"Jan 19, 2011",8.9157,8.8963,8.9497,8.8829,0.11%
"Jan 18, 2011",8.9057,8.9253,8.9463,8.8885,-0.24%
"Jan 17, 2011",8.927,8.9103,8.9396,8.8792,0.15%
"Jan 14, 2011",8.9139,8.9604,9.0235,8.8803,-0.48%
"Jan 13, 2011",8.9566,8.8582,8.9786,8.8319,1.15%
"Jan 12, 2011",8.8545,8.8885,8.8994,8.816,-0.43%
"Jan 11, 2011",8.8925,8.902,8.9299,8.853,-0.20%
"Jan 10, 2011",8.9104,8.9307,8.9553,8.8887,-0.45%
"Jan 07, 2011",8.951,8.922,8.9757,8.8953,0.26%
"Jan 06, 2011",8.9279,8.8892,8.9509,8.8725,0.34%
"Jan 05, 2011",8.8976,8.9374,8.9604,8.8739,-0.52%
"Jan 04, 2011",8.9437,8.9393,8.989,8.9144,-0.07%
"Jan 03, 2011",8.9501,8.968,8.983,8.9157,-0.37%
"Dec 31, 2010",8.9834,8.958,9.026,8.9393,0.15%
"Dec 30, 2010",8.97,8.9986,9.0291,8.948,-0.41%
"Dec 29, 2010",9.0066,9.005,9.0209,8.9531,-0.08%
"Dec 28, 2010",9.0139,8.964,9.0239,8.9413,0.53%
"Dec 27, 2010",8.9664,8.9875,9.0046,8.9467,-0.27%
"Dec 24, 2010",8.9909,8.9713,9.0122,8.943,0.02%
"Dec 23, 2010",8.9894,8.9836,9.0152,8.9372,-0.03%
"Dec 22, 2010",8.9919,8.958,9.0023,8.9351,0.34%
"Dec 21, 2010",8.9616,8.9853,9.0125,8.9342,-0.43%
"Dec 20, 2010",9,9.0138,9.0344,8.9667,-0.28%
"Dec 17, 2010",9.0256,8.9965,9.0473,8.9788,0.13%
"Dec 16, 2010",9.0142,9.0401,9.0768,8.9973,-0.41%
"Dec 15, 2010",9.0509,9.0944,9.1181,9.0384,-0.53%
"Dec 14, 2010",9.0991,9.1453,9.1605,9.0829,-0.65%
"Dec 13, 2010",9.159,9.1339,9.1674,9.0951,0.13%
"Dec 10, 2010",9.1472,9.1262,9.1494,9.0857,0.20%
"Dec 09, 2010",9.1288,9.1139,9.1477,9.0895,0.13%
"Dec 08, 2010",9.117,9.1376,9.1722,9.0983,-0.25%
"Dec 07, 2010",9.1398,9.1062,9.1527,9.0755,0.30%
"Dec 06, 2010",9.1126,9.1086,9.1403,9.0789,-0.00%
"Dec 03, 2010",9.1128,9.1212,9.164,9.0985,-0.17%
"Dec 02, 2010",9.1281,9.1517,9.1762,9.1085,-0.27%
"Dec 01, 2010",9.1531,9.1196,9.1744,9.1061,0.29%
"Nov 30, 2010",9.1262,9.1592,9.2005,9.1113,-0.46%
"Nov 29, 2010",9.1685,9.2583,9.2921,9.1554,-1.12%
"Nov 26, 2010",9.2721,9.2855,9.3266,9.248,-0.24%
"Nov 25, 2010",9.294,9.2562,9.3133,9.2308,0.30%
"Nov 24, 2010",9.266,9.3236,9.3579,9.2498,-0.62%
"Nov 23, 2010",9.3241,9.3733,9.4112,9.3109,-0.57%
"Nov 22, 2010",9.378,9.3689,9.42,9.3428,-0.05%
"Nov 19, 2010",9.3831,9.3651,9.4125,9.343,0.13%
"Nov 18, 2010",9.3712,9.3624,9.3907,9.3309,0.01%
"Nov 17, 2010",9.3707,9.3782,9.4313,9.3571,-0.13%
"Nov 16, 2010",9.3833,9.3439,9.4332,9.3239,0.38%
"Nov 15, 2010",9.3474,9.3835,9.4241,9.3273,-0.59%
"Nov 12, 2010",9.4033,9.3352,9.4089,9.314,0.66%
"Nov 11, 2010",9.3412,9.2723,9.3527,9.2587,0.64%
"Nov 10, 2010",9.2822,9.3064,9.3495,9.258,-0.24%
"Nov 09, 2010",9.3043,9.3178,9.3586,9.2597,-0.08%
"Nov 08, 2010",9.3122,9.2766,9.3392,9.2484,0.32%
"Nov 05, 2010",9.2829,9.2458,9.3554,9.2399,0.20%
"Nov 04, 2010",9.2645,9.2845,9.3179,9.2357,-0.47%
"Nov 03, 2010",9.3079,9.3078,9.3628,9.2807,-0.02%
"Nov 02, 2010",9.3102,9.2863,9.3406,9.2497,0.13%
"Nov 01, 2010",9.2981,9.2659,9.3138,9.2311,-0.02%
"Oct 29, 2010",9.2996,9.3793,9.4334,9.273,-0.92%
"Oct 28, 2010",9.386,9.3292,9.3953,9.2845,0.57%
"Oct 27, 2010",9.3329,9.317,9.3665,9.2733,0.07%
"Oct 26, 2010",9.3263,9.1826,9.3475,9.1456,1.42%
"Oct 25, 2010",9.1954,9.2089,9.2382,9.1674,-0.48%
"Oct 22, 2010",9.2402,9.288,9.3069,9.2116,-0.66%
"Oct 21, 2010",9.3014,9.2715,9.3048,9.241,0.27%
"Oct 20, 2010",9.2766,9.338,9.3602,9.2512,-0.71%
"Oct 19, 2010",9.3425,9.2891,9.3683,9.252,0.48%
"Oct 18, 2010",9.2978,9.2439,9.3108,9.2337,0.34%
"Oct 15, 2010",9.2659,9.2252,9.2842,9.2036,0.45%
"Oct 14, 2010",9.2246,9.2594,9.2747,9.1968,-0.39%
"Oct 13, 2010",9.2605,9.2603,9.2873,9.23,-0.02%
"Oct 12, 2010",9.2623,9.2502,9.2867,9.2222,0.02%
"Oct 11, 2010",9.2604,9.2613,9.2982,9.2363,-0.13%
"Oct 08, 2010",9.2726,9.2638,9.3441,9.2449,-0.01%
"Oct 07, 2010",9.2738,9.3526,9.3764,9.2475,-0.94%
"Oct 06, 2010",9.3621,9.2726,9.3671,9.2046,0.94%
"Oct 05, 2010",9.2751,9.2566,9.2922,9.2202,0.18%
"Oct 04, 2010",9.2585,9.2371,9.2877,9.2091,0.05%
"Oct 01, 2010",9.2538,9.1899,9.2658,9.1415,0.70%
"Sep 30, 2010",9.1892,9.1523,9.229,9.1254,0.33%
"Sep 29, 2010",9.1591,9.1813,9.1972,9.1242,-0.30%
"Sep 28, 2010",9.1864,9.2098,9.2827,9.1672,-0.34%
"Sep 27, 2010",9.2175,9.1863,9.2229,9.1384,0.34%
"Sep 24, 2010",9.1867,9.1938,9.2459,9.1638,-0.20%
"Sep 23, 2010",9.2051,9.1869,9.247,9.158,0.16%
"Sep 22, 2010",9.1903,9.1168,9.2,9.0799,0.80%
"Sep 21, 2010",9.1174,9.1447,9.1675,9.0884,-0.34%
"Sep 20, 2010",9.1482,9.2369,9.2674,9.1221,-0.80%
"Sep 17, 2010",9.2219,9.2039,9.2614,9.1748,0.09%
"Sep 16, 2010",9.2137,9.2134,9.2583,9.1823,-0.10%
"Sep 15, 2010",9.2233,9.1821,9.2339,9.1658,0.29%
"Sep 14, 2010",9.1965,9.1847,9.2424,9.1598,0.01%
"Sep 13, 2010",9.1957,9.1615,9.2112,9.1432,-0.18%
"Sep 10, 2010",9.2123,9.2384,9.2532,9.1775,-0.32%
"Sep 09, 2010",9.242,9.2482,9.2612,9.2183,-0.17%
"Sep 08, 2010",9.2582,9.2983,9.3175,9.2388,-0.50%
"Sep 07, 2010",9.3046,9.2965,9.3331,9.2767,0.05%
"Sep 06, 2010",9.2995,9.3048,9.3219,9.2773,-0.28%
"Sep 03, 2010",9.326,9.2858,9.3343,9.2772,0.37%
"Sep 02, 2010",9.2913,9.3269,9.3681,9.2765,-0.46%
"Sep 01, 2010",9.3341,9.359,9.379,9.2981,-0.32%
"Aug 31, 2010",9.3636,9.3789,9.4154,9.3448,-0.16%
"Aug 30, 2010",9.3783,9.3579,9.4155,9.3453,0.17%
"Aug 27, 2010",9.3622,9.417,9.4567,9.3451,-0.71%
"Aug 26, 2010",9.4294,9.4213,9.4409,9.3809,0.02%
"Aug 25, 2010",9.4275,9.4406,9.4835,9.4089,-0.29%
"Aug 24, 2010",9.4553,9.3752,9.4807,9.3454,0.85%
"Aug 23, 2010",9.3756,9.4273,9.4431,9.3598,-0.67%
"Aug 20, 2010",9.439,9.4568,9.4959,9.4103,-0.19%
"Aug 19, 2010",9.4574,9.4248,9.4913,9.412,0.19%
"Aug 18, 2010",9.439,9.4299,9.4685,9.4065,0.04%
"Aug 17, 2010",9.4353,9.4529,9.4702,9.3889,-0.22%
"Aug 16, 2010",9.4561,9.5068,9.5413,9.4367,-0.49%
"Aug 13, 2010",9.5031,9.4768,9.5365,9.4554,0.11%
"Aug 12, 2010",9.4924,9.4823,9.5097,9.4283,0.14%
"Aug 11, 2010",9.4787,9.4367,9.5148,9.4269,0.36%
"Aug 10, 2010",9.4445,9.396,9.4629,9.3776,0.41%
"Aug 09, 2010",9.4059,9.3951,9.4267,9.3755,0.03%
"Aug 06, 2010",9.4029,9.3865,9.4267,9.3525,0.11%
"Aug 05, 2010",9.3925,9.3929,9.4183,9.3657,-0.07%
"Aug 04, 2010",9.3989,9.3695,9.4126,9.3514,0.33%
"Aug 03, 2010",9.3681,9.3396,9.3951,9.329,0.17%
"Aug 02, 2010",9.3523,9.4063,9.4224,9.3237,-0.64%
"Jul 30, 2010",9.4127,9.438,9.4717,9.3877,-0.24%
"Jul 29, 2010",9.4351,9.4792,9.4991,9.4204,-0.62%
"Jul 28, 2010",9.4941,9.4801,9.5159,9.4444,0.07%
"Jul 27, 2010",9.4873,9.4645,9.502,9.4346,0.15%
"Jul 26, 2010",9.4735,9.4211,9.4987,9.4112,0.38%
"Jul 23, 2010",9.4376,9.4228,9.4755,9.3816,0.08%
"Jul 22, 2010",9.4304,9.4453,9.4727,9.4185,-0.26%
"Jul 21, 2010",9.4548,9.4754,9.5065,9.4139,-0.33%
"Jul 20, 2010",9.4861,9.5147,9.5502,9.474,-0.56%
"Jul 19, 2010",9.54,9.5234,9.5555,9.4959,0.59%
"Jul 16, 2010",9.4845,9.4023,9.516,9.3935,0.80%
"Jul 15, 2010",9.4093,9.3774,9.464,9.3665,0.26%
"Jul 14, 2010",9.3848,9.4096,9.44,9.3692,-0.41%
"Jul 13, 2010",9.423,9.4373,9.447,9.3837,-0.21%
"Jul 12, 2010",9.4431,9.4546,9.4884,9.4139,-0.30%
"Jul 09, 2010",9.4718,9.5354,9.5519,9.4449,-0.70%
"Jul 08, 2010",9.5381,9.5673,9.5864,9.5119,-0.34%
"Jul 07, 2010",9.5709,9.5828,9.6429,9.554,-0.22%
"Jul 06, 2010",9.5923,9.6298,9.6595,9.5724,-0.49%
"Jul 05, 2010",9.6397,9.5564,9.6488,9.5528,0.80%
"Jul 02, 2010",9.5632,9.598,9.6277,9.5197,-0.48%
"Jul 01, 2010",9.6091,9.5183,9.6411,9.5033,0.97%
"Jun 30, 2010",9.5169,9.5073,9.5451,9.4782,0.05%
"Jun 29, 2010",9.5124,9.5014,9.5534,9.4886,0.07%
"Jun 28, 2010",9.5057,9.5492,9.5869,9.4947,-0.52%
"Jun 25, 2010",9.5555,9.5995,9.6143,9.5241,-0.57%
"Jun 24, 2010",9.6107,9.5517,9.6252,9.4911,0.56%
"Jun 23, 2010",9.5574,9.553,9.574,9.4917,-0.05%
"Jun 22, 2010",9.5625,9.5347,9.577,9.4926,0.18%
"Jun 21, 2010",9.5456,9.5395,9.564,9.4716,-0.26%
"Jun 18, 2010",9.5706,9.5578,9.5886,9.5283,0.02%
"Jun 17, 2010",9.5691,9.5834,9.6316,9.552,-0.14%
"Jun 16, 2010",9.5827,9.5498,9.6248,9.5375,0.17%
"Jun 15, 2010",9.5666,9.6285,9.6556,9.5339,-0.70%
"Jun 14, 2010",9.6345,9.58,9.6394,9.5317,0.52%
"Jun 11, 2010",9.5847,9.5613,9.6219,9.5311,0.13%
"Jun 10, 2010",9.5723,9.6217,9.6572,9.533,-0.57%
"Jun 09, 2010",9.6267,9.6283,9.6715,9.5655,-0.04%
"Jun 08, 2010",9.6305,9.6651,9.7037,9.6107,-0.50%
"Jun 07, 2010",9.6789,9.602,9.6941,9.5949,0.82%
"Jun 04, 2010",9.5998,9.5584,9.6331,9.4982,0.35%
"Jun 03, 2010",9.5663,9.5404,9.5844,9.4976,0.21%
"Jun 02, 2010",9.546,9.5931,9.601,9.5252,-0.45%
"Jun 01, 2010",9.5888,9.6066,9.6623,9.5481,-0.27%
"May 31, 2010",9.6151,9.635,9.6529,9.5762,-0.14%
"May 28, 2010",9.6285,9.7212,9.741,9.6155,-1.03%
"May 27, 2010",9.7284,9.7731,9.7899,9.6446,-0.38%
"May 26, 2010",9.7654,9.7887,9.7982,9.6744,-0.40%
"May 25, 2010",9.8047,9.7311,9.8604,9.7092,0.55%
"May 24, 2010",9.7509,9.8097,9.8638,9.6933,-0.59%
"May 21, 2010",9.8085,9.9228,9.9843,9.7639,-1.22%
"May 20, 2010",9.9293,9.6649,9.9714,9.6158,2.65%
"May 19, 2010",9.6733,9.5571,9.7045,9.57,0.97%
"May 18, 2010",9.5804,9.5516,9.5982,9.516,0.19%
"May 17, 2010",9.5625,9.5717,9.6248,9.5428,-0.09%
"May 14, 2010",9.5709,9.5483,9.6239,9.5304,0.07%
"May 13, 2010",9.5641,9.5432,9.5924,9.5145,0.24%
"May 12, 2010",9.5411,9.6289,9.6629,9.5205,-0.99%
"May 11, 2010",9.6369,9.613,9.6897,9.558,0.15%
"May 10, 2010",9.6226,9.735,9.7697,9.6084,-1.27%
"May 07, 2010",9.7466,9.8148,9.8917,9.7043,-0.66%
"May 06, 2010",9.8112,9.7171,9.8682,9.6514,0.89%
"May 05, 2010",9.7246,9.6091,9.7354,9.5906,1.05%
"May 04, 2010",9.6233,9.593,9.6426,9.5495,0.24%
"May 03, 2010",9.6005,9.6283,9.6547,9.5792,-0.35%
"Apr 30, 2010",9.6338,9.5879,9.6582,9.5795,0.37%
"Apr 29, 2010",9.5985,9.6182,9.6547,9.5796,-0.28%
"Apr 28, 2010",9.6258,9.5959,9.6843,9.5871,0.26%
"Apr 27, 2010",9.601,9.5657,9.6338,9.5489,0.34%
"Apr 26, 2010",9.5681,9.583,9.6031,9.5459,-0.33%
"Apr 23, 2010",9.5999,9.6129,9.6393,9.5686,-0.20%
"Apr 22, 2010",9.6195,9.6107,9.6428,9.5931,-0.01%
"Apr 21, 2010",9.6205,9.6034,9.6386,9.577,0.14%
"Apr 20, 2010",9.6074,9.6755,9.6843,9.5969,-0.74%
"Apr 19, 2010",9.6789,9.6917,9.7477,9.6622,-0.31%
"Apr 16, 2010",9.709,9.6876,9.7191,9.6556,0.15%
"Apr 15, 2010",9.6942,9.7134,9.7402,9.6641,-0.24%
"Apr 14, 2010",9.7178,9.7233,9.7681,9.7059,-0.17%
"Apr 13, 2010",9.734,9.7489,9.7987,9.7139,-0.23%
"Apr 12, 2010",9.756,9.7179,9.784,9.695,0.38%
"Apr 09, 2010",9.7192,9.6551,9.7394,9.6316,0.60%
"Apr 08, 2010",9.6609,9.6696,9.7199,9.6471,-0.13%
"Apr 07, 2010",9.673,9.6445,9.6954,9.6298,0.24%
"Apr 06, 2010",9.6494,9.6848,9.6977,9.6267,-0.32%
"Apr 05, 2010",9.6807,9.6905,9.7288,9.6487,0.10%
"Apr 02, 2010",9.6713,9.7205,9.7363,9.6621,-0.55%
"Apr 01, 2010",9.7243,9.7332,9.7767,9.6869,-0.22%
"Mar 31, 2010",9.7454,9.7521,9.7671,9.6923,-0.12%
"Mar 30, 2010",9.7568,9.7543,9.7998,9.7369,-0.01%
"Mar 29, 2010",9.7581,9.7262,9.8084,9.6873,0.23%
"Mar 26, 2010",9.7359,9.6618,9.747,9.6346,0.77%
"Mar 25, 2010",9.6613,9.6839,9.7139,9.6231,-0.26%
"Mar 24, 2010",9.6867,9.7107,9.7218,9.6438,-0.17%
"Mar 23, 2010",9.7036,9.7451,9.769,9.6905,-0.48%
"Mar 22, 2010",9.7507,9.6886,9.7732,9.6795,0.39%
"Mar 19, 2010",9.7124,9.6927,9.7322,9.6612,0.12%
"Mar 18, 2010",9.7007,9.7158,9.7408,9.6807,-0.18%
"Mar 17, 2010",9.7179,9.7223,9.7706,9.6988,-0.16%
"Mar 16, 2010",9.7332,9.7179,9.7872,9.6974,0.17%
"Mar 15, 2010",9.7162,9.6885,9.7464,9.6857,0.17%
"Mar 12, 2010",9.6997,9.7253,9.7424,9.6795,-0.35%
"Mar 11, 2010",9.7341,9.7162,9.7534,9.6931,0.11%
"Mar 10, 2010",9.7234,9.7096,9.7391,9.6769,0.22%
"Mar 09, 2010",9.7017,9.6883,9.7394,9.6663,0.13%
"Mar 08, 2010",9.6894,9.6777,9.7065,9.656,0.04%
"Mar 05, 2010",9.6852,9.7211,9.7438,9.6642,-0.44%
"Mar 04, 2010",9.7278,9.7693,9.8133,9.6995,-0.56%
"Mar 03, 2010",9.7828,9.7654,9.826,9.743,0.14%
"Mar 02, 2010",9.7691,9.7294,9.7861,9.6969,0.38%
"Mar 01, 2010",9.7326,9.6786,9.7911,9.6673,0.40%
"Feb 26, 2010",9.6937,9.7347,9.7581,9.6654,-0.45%
"Feb 25, 2010",9.7378,9.7537,9.8115,9.7168,-0.33%
"Feb 24, 2010",9.7702,9.804,9.8274,9.7547,-0.44%
"Feb 23, 2010",9.8132,9.7802,9.8293,9.7443,0.28%
"Feb 22, 2010",9.7856,9.8138,9.8529,9.7739,-0.36%
"Feb 19, 2010",9.8209,9.777,9.8713,9.7719,0.34%
"Feb 18, 2010",9.7877,9.8075,9.8317,9.7622,-0.26%
"Feb 17, 2010",9.8129,9.8815,9.8967,9.7927,-0.77%
"Feb 16, 2010",9.8893,9.8343,9.9026,9.8283,0.41%
"Feb 15, 2010",9.8494,9.8789,9.9119,9.8323,-0.35%
"Feb 12, 2010",9.8841,9.9003,9.9592,9.8264,-0.17%
"Feb 11, 2010",9.9007,10.0301,10.0482,9.8899,-1.37%
"Feb 10, 2010",10.0384,10.0962,10.1233,10.0067,-0.69%
"Feb 09, 2010",10.108,10.1503,10.1791,10.071,-0.48%
"Feb 08, 2010",10.1569,10.1786,10.1942,10.1217,-0.25%
"Feb 05, 2010",10.1825,10.2035,10.263,10.1406,-0.28%
"Feb 04, 2010",10.2107,10.0921,10.2222,10.0688,0.99%
"Feb 03, 2010",10.1102,10.0851,10.1232,10.0526,0.13%
"Feb 02, 2010",10.0973,10.1085,10.1367,10.0748,-0.16%
"Feb 01, 2010",10.1134,10.2329,10.2549,10.0955,-1.29%
"Jan 29, 2010",10.2457,10.2484,10.2866,10.1921,-0.16%
"Jan 28, 2010",10.2625,10.2318,10.2789,10.1782,0.28%
"Jan 27, 2010",10.2339,10.2385,10.2765,10.212,-0.05%
"Jan 26, 2010",10.2393,10.2259,10.2956,10.2086,0.04%
"Jan 25, 2010",10.2356,10.1975,10.2572,10.174,-0.00%
"Jan 22, 2010",10.2359,10.2014,10.2496,10.1524,0.31%
"Jan 21, 2010",10.2046,10.1513,10.2215,10.1029,0.53%
"Jan 20, 2010",10.1507,10.0827,10.1589,10.0636,0.64%
"Jan 19, 2010",10.0861,10.1011,10.1618,10.0756,-0.25%
"Jan 18, 2010",10.111,10.146,10.1586,10.096,-0.57%
"Jan 15, 2010",10.1686,10.1549,10.1948,10.1071,0.03%
"Jan 14, 2010",10.1651,10.1838,10.2104,10.1514,-0.25%
"Jan 13, 2010",10.1906,10.2199,10.2447,10.177,-0.35%
"Jan 12, 2010",10.2268,10.1954,10.2615,10.1844,0.28%
"Jan 11, 2010",10.1986,10.2032,10.2304,10.1623,0.00%
"Jan 08, 2010",10.1984,10.1944,10.2525,10.1726,0.04%
"Jan 07, 2010",10.1942,10.182,10.2278,10.1704,0.03%
"Jan 06, 2010",10.1911,10.2125,10.2651,10.1666,-0.29%
"Jan 05, 2010",10.221,10.1611,10.228,10.1427,0.52%
"Jan 04, 2010",10.168,10.2475,10.2618,10.1298,-0.87%
"Jan 01, 2010",10.2575,10.2425,10.2674,10.2259,0.10%
"Dec 31, 2009",10.2475,10.2604,10.2871,10.2226,-0.23%
"Dec 30, 2009",10.2713,10.3255,10.3491,10.2459,-0.65%
"Dec 29, 2009",10.3381,10.3694,10.3938,10.3128,-0.32%
"Dec 28, 2009",10.3718,10.4509,10.4873,10.336,-1.01%
"Dec 25, 2009",10.4771,10.4485,10.5054,10.4368,0.09%
"Dec 24, 2009",10.4675,10.4142,10.5004,10.3677,0.41%
"Dec 23, 2009",10.4252,10.4239,10.5026,10.4002,-0.09%
"Dec 22, 2009",10.4344,10.4136,10.4755,10.3771,0.13%
"Dec 21, 2009",10.421,10.3841,10.4583,10.3468,0.06%
"Dec 18, 2009",10.4147,10.4512,10.4886,10.3788,-0.40%
"Dec 17, 2009",10.4568,10.4325,10.4778,10.4025,0.14%
"Dec 16, 2009",10.4426,10.4601,10.4774,10.3777,-0.20%
"Dec 15, 2009",10.4637,10.411,10.5014,10.3735,0.50%
"Dec 14, 2009",10.4116,10.4127,10.4645,10.3676,-0.02%
"Dec 11, 2009",10.4139,10.45,10.4686,10.3998,-0.33%
"Dec 10, 2009",10.4489,10.4426,10.4794,10.3938,-0.01%
"Dec 09, 2009",10.4503,10.4893,10.531,10.4335,-0.53%
"Dec 08, 2009",10.5058,10.4422,10.5248,10.4263,0.49%
"Dec 07, 2009",10.4548,10.3446,10.4654,10.3284,0.68%
"Dec 04, 2009",10.3847,10.3421,10.3992,10.2779,0.37%
"Dec 03, 2009",10.346,10.3391,10.3657,10.2558,0.00%
"Dec 02, 2009",10.346,10.4105,10.4434,10.2935,-0.72%
"Dec 01, 2009",10.4215,10.4633,10.5141,10.386,-0.45%
"Nov 30, 2009",10.4686,10.4409,10.5222,10.4103,0.28%
"Nov 27, 2009",10.4391,10.4669,10.5449,10.3872,-0.34%
"Nov 26, 2009",10.4743,10.353,10.5371,10.3334,1.11%
"Nov 25, 2009",10.3596,10.3412,10.4031,10.2975,0.12%
"Nov 24, 2009",10.3467,10.2942,10.3997,10.2815,0.49%
"Nov 23, 2009",10.2967,10.3088,10.3278,10.2546,0.00%
"Nov 20, 2009",10.2967,10.2704,10.3791,10.171,0.14%
"Nov 19, 2009",10.2818,10.2142,10.3073,10.1961,0.54%
"Nov 18, 2009",10.2267,10.2172,10.2449,10.1849,0.03%
"Nov 17, 2009",10.2234,10.1752,10.2439,10.1632,0.43%
"Nov 16, 2009",10.1792,10.1835,10.2149,10.1529,-0.13%
"Nov 13, 2009",10.1923,10.2339,10.2591,10.1635,-0.38%
"Nov 12, 2009",10.2312,10.2113,10.2634,10.1899,-0.00%
"Nov 11, 2009",10.2315,10.2273,10.2696,10.1836,-0.03%
"Nov 10, 2009",10.2347,10.2679,10.2942,10.2139,-0.22%
"Nov 09, 2009",10.2574,10.3594,10.3734,10.2394,-1.24%
"Nov 06, 2009",10.3865,10.3922,10.4506,10.3335,-0.10%
"Nov 05, 2009",10.3965,10.4466,10.507,10.3737,-0.61%
"Nov 04, 2009",10.4599,10.4686,10.5168,10.3996,-0.05%
"Nov 03, 2009",10.4653,10.4211,10.5301,10.396,0.43%
"Nov 02, 2009",10.4207,10.4377,10.4558,10.351,-0.19%
"Oct 30, 2009",10.4407,10.3333,10.4507,10.3213,0.99%
"Oct 29, 2009",10.3379,10.3929,10.4374,10.2993,-0.51%
"Oct 28, 2009",10.3909,10.3195,10.4257,10.2898,0.63%
"Oct 27, 2009",10.3256,10.2001,10.3385,10.1877,1.21%
"Oct 26, 2009",10.2022,10.1803,10.2284,10.1404,0.25%
"Oct 23, 2009",10.1767,10.1935,10.2667,10.1512,-0.28%
"Oct 22, 2009",10.2055,10.282,10.3746,10.1872,-0.77%
"Oct 21, 2009",10.2851,10.3647,10.4002,10.2224,-0.87%
"Oct 20, 2009",10.3751,10.3556,10.4094,10.3359,0.16%
"Oct 19, 2009",10.3582,10.3528,10.4328,10.3269,-0.07%
"Oct 16, 2009",10.3651,10.3342,10.4625,10.328,0.21%
"Oct 15, 2009",10.3438,10.2993,10.3735,10.258,0.32%
"Oct 14, 2009",10.3104,10.3351,10.4082,10.2664,-0.22%
"Oct 13, 2009",10.3336,10.2766,10.4023,10.2618,0.14%
"Oct 12, 2009",10.3191,10.2892,10.3781,10.2547,0.25%
"Oct 09, 2009",10.2937,10.2842,10.3362,10.2453,0.01%
"Oct 08, 2009",10.293,10.2646,10.333,10.2447,0.22%
"Oct 07, 2009",10.2699,10.2068,10.3724,10.1738,0.55%
"Oct 06, 2009",10.2142,10.2513,10.3129,10.1691,-0.42%
"Oct 05, 2009",10.2575,10.266,10.3249,10.2249,-0.00%
"Oct 02, 2009",10.258,10.2182,10.2939,10.1982,0.24%
"Oct 01, 2009",10.2334,10.1921,10.254,10.1325,0.44%
"Sep 30, 2009",10.1885,10.2203,10.2447,10.1749,-0.36%
"Sep 29, 2009",10.2257,10.191,10.2515,10.1651,0.29%
"Sep 28, 2009",10.1961,10.1871,10.2817,10.1547,0.01%
"Sep 25, 2009",10.1949,10.1531,10.2331,10.1106,0.40%
"Sep 24, 2009",10.1547,10.0959,10.164,10.0685,0.52%
"Sep 23, 2009",10.1026,10.0603,10.1202,10.0357,0.27%
"Sep 22, 2009",10.0749,10.1341,10.157,10.0417,-0.59%
"Sep 21, 2009",10.1349,10.1081,10.1868,10.0859,0.33%
"Sep 18, 2009",10.1011,10.1191,10.1669,10.071,-0.25%
"Sep 17, 2009",10.126,10.0957,10.1512,10.0697,0.22%
"Sep 16, 2009",10.1035,10.1771,10.2082,10.0871,-0.86%
"Sep 15, 2009",10.1913,10.1966,10.2547,10.1343,-0.17%
"Sep 14, 2009",10.2089,10.1926,10.3022,10.1828,0.10%
"Sep 11, 2009",10.1989,10.1898,10.2439,10.1491,0.00%
"Sep 10, 2009",10.1989,10.1939,10.2767,10.1694,-0.04%
"Sep 09, 2009",10.2026,10.1899,10.2509,10.1742,0.04%
"Sep 08, 2009",10.1982,10.1978,10.2352,10.1604,-0.13%
"Sep 07, 2009",10.2114,10.2312,10.3081,10.1722,-0.10%
"Sep 04, 2009",10.2221,10.3044,10.3329,10.2113,-0.89%
"Sep 03, 2009",10.3134,10.2999,10.3518,10.2484,0.09%
"Sep 02, 2009",10.3043,10.3421,10.3619,10.2635,-0.44%
"Sep 01, 2009",10.3503,10.1899,10.3665,10.1358,1.42%
"Aug 31, 2009",10.205,10.1508,10.2337,10.1472,0.28%
"Aug 28, 2009",10.1762,10.1929,10.2207,10.118,-0.23%
"Aug 27, 2009",10.1992,10.1553,10.2336,10.1286,0.40%
"Aug 26, 2009",10.1588,10.0911,10.1828,10.0248,0.58%
"Aug 25, 2009",10.1004,10.0963,10.1379,10.0442,-0.01%
"Aug 24, 2009",10.1016,10.0522,10.1148,10.0252,0.25%
"Aug 21, 2009",10.0763,10.187,10.2427,10.0359,-1.15%
"Aug 20, 2009",10.1934,10.2133,10.234,10.1704,-0.26%
"Aug 19, 2009",10.22,10.2235,10.2987,10.1956,-0.11%
"Aug 18, 2009",10.2314,10.2672,10.2873,10.1847,-0.36%
"Aug 17, 2009",10.2684,10.2217,10.3126,10.2039,0.48%
"Aug 14, 2009",10.219,10.2171,10.2498,10.1587,-0.03%
"Aug 13, 2009",10.222,10.229,10.2618,10.1707,-0.24%
"Aug 12, 2009",10.2471,10.3393,10.3908,10.192,-0.97%
"Aug 11, 2009",10.3477,10.2547,10.3963,10.2035,0.91%
"Aug 10, 2009",10.2545,10.166,10.2885,10.1372,0.79%
"Aug 07, 2009",10.1746,10.2669,10.3291,10.1418,-0.98%
"Aug 06, 2009",10.275,10.2824,10.337,10.2315,-0.13%
"Aug 05, 2009",10.2881,10.2624,10.3272,10.2238,0.22%
"Aug 04, 2009",10.2654,10.1936,10.3281,10.1599,0.59%
"Aug 03, 2009",10.2047,10.2398,10.3177,10.1879,-0.39%
"Jul 31, 2009",10.245,10.4296,10.4491,10.2272,-1.87%
"Jul 30, 2009",10.4401,10.5228,10.5557,10.3902,-0.85%
"Jul 29, 2009",10.53,10.5757,10.6642,10.497,-0.53%
"Jul 28, 2009",10.5863,10.5184,10.6313,10.4604,0.56%
"Jul 27, 2009",10.5272,10.6145,10.6398,10.4926,-1.21%
"Jul 24, 2009",10.6558,10.6252,10.6693,10.5392,0.18%
"Jul 23, 2009",10.6363,10.7885,10.7983,10.5838,-1.44%
"Jul 22, 2009",10.7919,10.8288,10.8685,10.7504,-0.40%
"Jul 21, 2009",10.8352,10.9844,10.9992,10.8169,-1.44%
"Jul 20, 2009",10.9932,11.0293,11.0749,10.957,-0.39%
"Jul 17, 2009",11.0357,11.0096,11.1004,10.9947,0.16%
"Jul 16, 2009",11.0183,10.9367,11.0435,10.9293,0.64%
"Jul 15, 2009",10.9479,10.996,11.0461,10.9226,-0.55%
"Jul 14, 2009",11.0087,11.0035,11.071,10.9474,-0.08%
"Jul 13, 2009",11.017,11.0319,11.1257,11.001,-0.17%
"Jul 10, 2009",11.0355,10.9899,11.1181,10.9299,0.52%
"Jul 09, 2009",10.9782,11.0671,11.0816,10.9443,-0.84%
"Jul 08, 2009",11.0709,11.065,11.1213,11.0169,0.07%
"Jul 07, 2009",11.0633,10.9395,11.0691,10.8946,1.04%
"Jul 06, 2009",10.9489,10.8639,10.9683,10.847,0.74%
"Jul 03, 2009",10.8681,10.8774,10.9687,10.8484,-0.27%
"Jul 02, 2009",10.897,10.712,10.9107,10.6804,1.59%
"Jul 01, 2009",10.7268,10.8164,10.8398,10.6752,-0.91%
"Jun 30, 2009",10.8248,10.7981,10.896,10.7715,0.23%
"Jun 29, 2009",10.8,10.9499,10.9892,10.7684,-1.66%
"Jun 26, 2009",10.9828,11.0459,11.0791,10.8948,-0.54%
"Jun 25, 2009",11.042,11.0385,11.1182,10.9572,0.07%
"Jun 24, 2009",11.0346,11.1218,11.1307,10.9458,-0.81%
"Jun 23, 2009",11.1252,11.0955,11.1585,11.0722,0.26%
"Jun 22, 2009",11.0963,11.0059,11.1185,11.0039,0.50%
"Jun 19, 2009",11.0411,10.993,11.0467,10.9177,0.38%
"Jun 18, 2009",10.9992,10.929,11.0446,10.9186,0.54%
"Jun 17, 2009",10.94,10.8285,11.0213,10.8003,0.85%
"Jun 16, 2009",10.8479,10.8283,10.9011,10.8066,0.09%
"Jun 15, 2009",10.838,10.7522,10.9029,10.7341,0.60%
"Jun 12, 2009",10.7736,10.7453,10.7871,10.6736,0.13%
"Jun 11, 2009",10.7599,10.7839,10.8414,10.7196,-0.21%
"Jun 10, 2009",10.7829,10.7864,10.8243,10.6886,-0.16%
"Jun 09, 2009",10.7997,10.8978,10.9445,10.773,-0.97%
"Jun 08, 2009",10.9051,10.8873,10.9852,10.8177,-0.09%
"Jun 05, 2009",10.9154,10.8256,10.9764,10.8104,0.87%
"Jun 04, 2009",10.8213,10.9023,10.9866,10.7634,-0.78%
"Jun 03, 2009",10.9063,10.712,10.9286,10.6577,1.73%
"Jun 02, 2009",10.7206,10.4852,10.7445,10.4687,2.15%
"Jun 01, 2009",10.4946,10.6825,10.7137,10.4479,-1.75%
"May 29, 2009",10.6813,10.6961,10.7902,10.6397,-0.17%
"May 28, 2009",10.6998,10.679,10.8491,10.6546,0.16%
"May 27, 2009",10.6829,10.5513,10.7114,10.516,1.17%
"May 26, 2009",10.5598,10.4643,10.6216,10.4613,0.77%
"May 25, 2009",10.4786,10.4464,10.5063,10.4102,0.31%
"May 22, 2009",10.4459,10.422,10.517,10.391,0.08%
"May 21, 2009",10.4379,10.4507,10.5475,10.3996,-0.28%
"May 20, 2009",10.4676,10.4425,10.5149,10.3778,0.17%
"May 19, 2009",10.4495,10.4435,10.5206,10.3659,0.02%
"May 18, 2009",10.4476,10.6774,10.7124,10.4361,-2.22%
"May 15, 2009",10.6853,10.693,10.7488,10.5915,-0.06%
"May 14, 2009",10.6921,10.7648,10.8308,10.6623,-0.68%
"May 13, 2009",10.7653,10.6268,10.7907,10.5578,1.28%
"May 12, 2009",10.6295,10.6157,10.6862,10.5712,0.05%
"May 11, 2009",10.6242,10.4195,10.639,10.4091,1.77%
"May 08, 2009",10.4394,10.5299,10.5559,10.4093,-1.05%
"May 07, 2009",10.5499,10.5407,10.581,10.3872,0.01%
"May 06, 2009",10.549,10.601,10.6703,10.4775,-0.42%
"May 05, 2009",10.5938,10.5659,10.6476,10.5404,0.19%
"May 04, 2009",10.5741,10.647,10.7035,10.5399,-1.00%
"May 01, 2009",10.6814,10.6531,10.7133,10.602,0.06%
"Apr 30, 2009",10.6751,10.682,10.7461,10.5483,-0.16%
"Apr 29, 2009",10.6926,10.7051,10.7925,10.6458,-0.19%
"Apr 28, 2009",10.7134,10.6502,10.7663,10.6162,0.50%
"Apr 27, 2009",10.6596,10.7234,10.823,10.6409,-1.04%
"Apr 24, 2009",10.772,10.8398,10.8967,10.7141,-0.77%
"Apr 23, 2009",10.8561,10.9616,11.0328,10.8341,-1.02%
"Apr 22, 2009",10.9675,11.0438,11.091,10.9061,-0.80%
"Apr 21, 2009",11.0562,11.2227,11.2974,11.0386,-1.60%
"Apr 20, 2009",11.2355,11.0008,11.2515,10.9902,2.06%
"Apr 17, 2009",11.0091,10.9196,11.0786,10.9137,0.54%
"Apr 16, 2009",10.95,10.8988,10.9956,10.8623,0.37%
"Apr 15, 2009",10.9101,10.8386,10.9781,10.8137,0.55%
"Apr 14, 2009",10.8507,10.9062,10.9478,10.7952,-0.61%
"Apr 13, 2009",10.9177,10.8627,10.9405,10.8387,0.02%
"Apr 10, 2009",10.9155,10.9038,10.9195,10.8467,0.28%
"Apr 09, 2009",10.8853,10.9599,10.9868,10.8271,-0.78%
"Apr 08, 2009",10.9704,10.8469,10.9874,10.842,0.99%
"Apr 07, 2009",10.8626,10.754,10.9473,10.733,0.92%
"Apr 06, 2009",10.7632,10.7231,10.7806,10.6493,0.42%
"Apr 03, 2009",10.7181,10.7624,10.8685,10.7056,-0.66%
"Apr 02, 2009",10.7894,10.8147,10.8971,10.7701,-0.28%
"Apr 01, 2009",10.8201,10.9246,10.9846,10.8079,-0.94%
"Mar 31, 2009",10.9223,10.9832,11.0191,10.8901,-0.46%
"Mar 30, 2009",10.9733,10.9283,11.0198,10.8874,0.70%
"Mar 27, 2009",10.8965,10.8296,10.934,10.759,0.46%
"Mar 26, 2009",10.8471,10.9578,10.9876,10.8253,-1.17%
"Mar 25, 2009",10.975,10.9263,11.0221,10.8445,0.26%
"Mar 24, 2009",10.9467,10.8549,10.985,10.8171,0.80%
"Mar 23, 2009",10.8599,11.0433,11.0869,10.8473,-1.98%
"Mar 20, 2009",11.0789,10.8712,11.164,10.8645,1.78%
"Mar 19, 2009",10.8851,10.8653,10.9651,10.833,0.05%
"Mar 18, 2009",10.8795,10.9734,11.0179,10.8397,-0.95%
"Mar 17, 2009",10.9837,11.0657,11.09,10.9536,-0.83%
"Mar 16, 2009",11.0754,11.1163,11.1888,10.9544,-0.76%
"Mar 13, 2009",11.1599,11.1105,11.1707,11.0139,0.42%
"Mar 12, 2009",11.1135,11.2217,11.3275,11.0929,-1.03%
"Mar 11, 2009",11.2287,11.2472,11.3312,11.185,-0.28%
"Mar 10, 2009",11.2605,11.5838,11.6282,11.2169,-2.96%
"Mar 09, 2009",11.6042,11.6234,11.646,11.4721,-0.09%
"Mar 06, 2009",11.6151,11.675,11.795,11.5916,-0.58%
"Mar 05, 2009",11.6823,11.4047,11.7032,11.3808,2.25%
"Mar 04, 2009",11.4255,11.6043,11.6334,11.3999,-1.55%
"Mar 03, 2009",11.6049,11.607,11.6659,11.4509,-0.09%
"Mar 02, 2009",11.6154,11.4431,11.6271,11.3468,1.72%
"Feb 27, 2009",11.4192,11.4486,11.5112,11.357,-0.24%
"Feb 26, 2009",11.4465,11.3873,11.4753,11.2671,0.49%
"Feb 25, 2009",11.3908,11.3022,11.3954,11.2168,0.74%
"Feb 24, 2009",11.3073,11.2506,11.4516,11.1981,0.33%
"Feb 23, 2009",11.2706,11.2051,11.2706,11.0694,0.97%
"Feb 20, 2009",11.1619,11.0365,11.2268,11.0007,0.96%
"Feb 19, 2009",11.0555,10.9753,11.103,10.8489,0.59%
"Feb 18, 2009",10.9904,11.1206,11.1844,10.9474,-1.25%
"Feb 17, 2009",11.1296,10.9226,11.1374,10.9035,1.68%
"Feb 16, 2009",10.9462,10.768,10.9764,10.7532,1.49%
"Feb 13, 2009",10.7851,10.7811,10.835,10.7281,-0.08%
"Feb 12, 2009",10.7942,10.7512,10.8576,10.7221,0.14%
"Feb 11, 2009",10.7793,10.6545,10.8696,10.6123,1.24%
"Feb 10, 2009",10.6472,10.4615,10.6633,10.4386,1.74%
"Feb 09, 2009",10.4647,10.4712,10.5554,10.412,-0.19%
"Feb 06, 2009",10.485,10.5763,10.6266,10.4617,-0.85%
"Feb 05, 2009",10.5753,10.6561,10.6906,10.5597,-0.85%
"Feb 04, 2009",10.6655,10.6958,10.7439,10.6145,-0.36%
"Feb 03, 2009",10.7037,10.7339,10.7945,10.6467,-0.39%
"Feb 02, 2009",10.7451,10.6553,10.7774,10.6093,0.33%
"Jan 30, 2009",10.71,10.5919,10.7392,10.5541,1.10%
"Jan 29, 2009",10.5939,10.5483,10.6327,10.4993,0.23%
"Jan 28, 2009",10.5693,10.6291,10.6637,10.5126,-0.55%
"Jan 27, 2009",10.6282,10.5315,10.687,10.4044,0.84%
"Jan 26, 2009",10.5396,10.6013,10.6534,10.462,-0.76%
"Jan 23, 2009",10.6199,10.6994,10.7824,10.5672,-0.75%
"Jan 22, 2009",10.7004,10.6494,10.7588,10.5299,0.34%
"Jan 21, 2009",10.6645,10.8719,10.9025,10.6262,-1.79%
"Jan 20, 2009",10.859,10.8576,10.9793,10.8318,-0.15%
"Jan 19, 2009",10.875,10.8119,10.9003,10.6786,0.13%
"Jan 16, 2009",10.8606,10.8386,10.9372,10.7169,-0.05%
"Jan 15, 2009",10.866,11.0398,11.2031,10.8338,-1.67%
"Jan 14, 2009",11.0503,10.9401,11.1269,10.8217,0.92%
"Jan 13, 2009",10.95,10.7361,10.9746,10.7254,1.91%
"Jan 12, 2009",10.7449,10.7182,10.8416,10.6452,0.55%
"Jan 09, 2009",10.6865,10.6499,10.7756,10.6211,0.23%
"Jan 08, 2009",10.6615,10.6536,10.8159,10.6413,0.07%
"Jan 07, 2009",10.6544,10.6084,10.6971,10.5551,0.32%
"Jan 06, 2009",10.6209,10.7103,10.7698,10.5228,-0.87%
"Jan 05, 2009",10.7144,10.715,10.8152,10.6376,-0.16%
"Jan 02, 2009",10.7317,10.8727,10.953,10.709,-1.68%
"Jan 01, 2009",10.9152,10.9379,10.9711,10.8616,-0.16%
"Dec 31, 2008",10.9328,10.9083,11.0114,10.7974,-0.04%
"Dec 30, 2008",10.9373,10.9809,11.0287,10.8866,-0.55%
"Dec 29, 2008",10.9982,11.0807,11.1503,10.9514,-1.83%
"Dec 26, 2008",11.2035,10.998,11.3606,10.998,1.99%
"Dec 25, 2008",10.985,11.1675,11.2486,10.8524,-1.86%
"Dec 24, 2008",11.1931,11.1624,11.413,11.0773,-0.02%
"Dec 23, 2008",11.1951,11.0329,11.2747,10.9088,1.62%
"Dec 22, 2008",11.0164,10.8148,11.0202,10.8027,1.57%
"Dec 19, 2008",10.8459,10.9934,11.044,10.768,-1.59%
"Dec 18, 2008",11.0216,10.9726,11.2186,10.8524,0.56%
"Dec 17, 2008",10.9599,11.1187,11.1896,10.9023,-1.79%
"Dec 16, 2008",11.1594,10.979,11.2717,10.883,1.64%
"Dec 15, 2008",10.9792,10.7131,11.0246,10.6656,2.23%
"Dec 12, 2008",10.7392,10.6005,10.8111,10.5489,1.24%
"Dec 11, 2008",10.6075,10.6109,10.6452,10.5287,-0.26%
"Dec 10, 2008",10.6352,10.5754,10.6553,10.4995,0.49%
"Dec 09, 2008",10.583,10.4159,10.702,10.3805,1.43%
"Dec 08, 2008",10.4343,10.599,10.642,10.3469,-1.79%
"Dec 05, 2008",10.625,10.5438,10.8214,10.5052,0.67%
"Dec 04, 2008",10.5542,10.3984,10.6439,10.3709,1.24%
"Dec 03, 2008",10.4248,10.4198,10.5231,10.3451,0.01%
"Dec 02, 2008",10.4233,10.4918,10.5757,10.3149,-0.90%
"Dec 01, 2008",10.5175,10.2562,10.5355,10.2438,2.34%
"Nov 28, 2008",10.2771,10.2749,10.3644,10.2359,-0.12%
"Nov 27, 2008",10.289,10.3287,10.3628,10.2176,-0.45%
"Nov 26, 2008",10.336,10.3132,10.4347,10.2421,0.62%
"Nov 25, 2008",10.2721,10.2679,10.4023,10.188,-0.17%
"Nov 24, 2008",10.2896,10.4904,10.5732,10.1801,-2.65%
"Nov 21, 2008",10.5695,10.3734,10.6861,10.2406,1.90%
"Nov 20, 2008",10.3729,10.2386,10.3996,10.1993,1.26%
"Nov 19, 2008",10.244,10.1283,10.2676,10.1016,1.00%
"Nov 18, 2008",10.1429,10.1286,10.2062,10.0977,0.20%
"Nov 17, 2008",10.123,10.0592,10.1264,9.9748,0.90%
"Nov 14, 2008",10.0329,9.9982,10.0527,9.9399,0.17%
"Nov 13, 2008",10.0159,10.1111,10.1766,9.9956,-1.13%
"Nov 12, 2008",10.1305,10.1107,10.1728,10.0324,0.17%
"Nov 11, 2008",10.1137,10.0044,10.1245,9.9474,1.06%
"Nov 10, 2008",10.0073,10.0711,10.082,9.9443,-0.65%
"Nov 07, 2008",10.0729,10.062,10.1035,9.9722,0.03%
"Nov 06, 2008",10.0697,10.054,10.1131,9.9074,0.54%
"Nov 05, 2008",10.0156,9.878,10.0681,9.857,1.27%
"Nov 04, 2008",9.8899,9.8457,9.9325,9.8142,0.55%
"Nov 03, 2008",9.8362,9.9128,9.924,9.805,-0.64%
"Oct 31, 2008",9.8992,9.8081,9.9568,9.7884,0.82%
"Oct 30, 2008",9.8187,9.8523,9.9388,9.7523,-0.35%
"Oct 29, 2008",9.8528,9.9007,9.9477,9.7976,-0.74%
"Oct 28, 2008",9.9262,9.9951,10.0811,9.8931,-0.93%
"Oct 27, 2008",10.0197,9.9882,10.1225,9.8937,0.04%
"Oct 24, 2008",10.0156,9.9055,10.096,9.8882,0.88%
"Oct 23, 2008",9.9287,10.0682,10.134,9.8808,-1.31%
"Oct 22, 2008",10.0604,10.121,10.1667,10.0101,-0.80%
"Oct 21, 2008",10.1416,9.9259,10.1761,9.8964,1.96%
"Oct 20, 2008",9.9464,9.9588,10.0163,9.8162,0.03%
"Oct 17, 2008",9.943,9.9861,10.1075,9.914,-0.50%
"Oct 16, 2008",9.9928,10.1378,10.1931,9.9004,-1.08%
"Oct 15, 2008",10.1014,9.7914,10.1014,9.7666,3.03%
"Oct 14, 2008",9.8048,9.6799,9.8128,9.6496,1.13%
"Oct 13, 2008",9.6953,9.6296,9.7316,9.5953,0.13%
"Oct 10, 2008",9.6827,9.6783,9.7592,9.5928,-0.09%
"Oct 09, 2008",9.6912,9.6827,9.706,9.6242,0.09%
"Oct 08, 2008",9.6821,9.6707,9.7548,9.6352,0.00%
"Oct 07, 2008",9.6817,9.7286,9.7629,9.6077,-0.52%
"Oct 06, 2008",9.7323,9.7212,9.8011,9.7014,0.09%
"Oct 03, 2008",9.7235,9.7055,9.7393,9.6807,0.15%
"Oct 02, 2008",9.7085,9.7334,9.7794,9.673,-0.35%
"Oct 01, 2008",9.7429,9.7429,9.7791,9.6972,-0.04%
"Sep 30, 2008",9.7468,9.767,9.8179,9.7325,-0.35%
"Sep 29, 2008",9.7806,9.6721,9.8014,9.666,1.02%
"Sep 26, 2008",9.6821,9.6344,9.712,9.6303,0.37%
"Sep 25, 2008",9.6467,9.6692,9.6951,9.6274,-0.30%
"Sep 24, 2008",9.6754,9.6132,9.6876,9.5829,0.54%
"Sep 23, 2008",9.6238,9.6041,9.6499,9.5479,0.24%
"Sep 22, 2008",9.6003,9.5601,9.6072,9.505,0.51%
"Sep 19, 2008",9.5518,9.5744,9.6051,9.5021,-0.36%
"Sep 18, 2008",9.586,9.6167,9.6579,9.5716,-0.39%
"Sep 17, 2008",9.6234,9.6272,9.6593,9.5675,-0.11%
"Sep 16, 2008",9.6338,9.6237,9.682,9.5836,0.02%
"Sep 15, 2008",9.6318,9.529,9.637,9.5029,1.10%
"Sep 12, 2008",9.5268,9.5224,9.5441,9.5024,0.00%
"Sep 11, 2008",9.5265,9.501,9.5565,9.4903,0.23%
"Sep 10, 2008",9.5043,9.5272,9.5403,9.4851,-0.30%
"Sep 09, 2008",9.5328,9.4474,9.5378,9.4386,0.85%
"Sep 08, 2008",9.4527,9.459,9.4851,9.4233,-0.12%
"Sep 05, 2008",9.4642,9.4713,9.5099,9.4473,-0.16%
"Sep 04, 2008",9.4793,9.4773,9.5155,9.4463,0.04%
"Sep 03, 2008",9.4755,9.4445,9.4919,9.4392,0.27%
"Sep 02, 2008",9.4497,9.4555,9.4761,9.4333,-0.09%
"Sep 01, 2008",9.4578,9.4601,9.4826,9.4423,-0.13%
"Aug 29, 2008",9.47,9.4171,9.4879,9.4083,0.52%
"Aug 28, 2008",9.4209,9.3994,9.4492,9.3894,0.16%
"Aug 27, 2008",9.4061,9.3693,9.4215,9.3615,0.31%
"Aug 26, 2008",9.3773,9.3625,9.3886,9.3426,0.09%
"Aug 25, 2008",9.3685,9.3486,9.3741,9.3384,0.06%
"Aug 22, 2008",9.3628,9.3486,9.3942,9.3386,0.07%
"Aug 21, 2008",9.3564,9.3776,9.4041,9.3462,-0.27%
"Aug 20, 2008",9.3819,9.3986,9.4169,9.3742,-0.25%
"Aug 19, 2008",9.4052,9.355,9.4185,9.3424,0.43%
"Aug 18, 2008",9.3651,9.354,9.3768,9.3322,-0.03%
"Aug 15, 2008",9.3681,9.3551,9.3737,9.3323,0.06%
"Aug 14, 2008",9.3629,9.3679,9.3886,9.3496,-0.13%
"Aug 13, 2008",9.3748,9.383,9.4093,9.3509,-0.15%
"Aug 12, 2008",9.3893,9.3848,9.4099,9.3735,-0.02%
"Aug 11, 2008",9.3913,9.4023,9.4226,9.3713,-0.11%
"Aug 08, 2008",9.4013,9.3803,9.4157,9.3708,0.19%
"Aug 07, 2008",9.3835,9.4133,9.4292,9.3708,-0.37%
"Aug 06, 2008",9.4187,9.44,9.456,9.3994,-0.39%
"Aug 05, 2008",9.4555,9.4528,9.4731,9.434,-0.05%
"Aug 04, 2008",9.4599,9.4596,9.4885,9.4352,-0.16%
"Aug 01, 2008",9.4752,9.4286,9.4847,9.3998,0.37%
"Jul 31, 2008",9.4405,9.4381,9.4771,9.4213,0.02%
"Jul 30, 2008",9.4382,9.4601,9.4793,9.4249,-0.29%
"Jul 29, 2008",9.4661,9.4587,9.4909,9.4354,0.05%
"Jul 28, 2008",9.4617,9.4539,9.4764,9.4373,-0.11%
"Jul 25, 2008",9.4718,9.466,9.4965,9.448,-0.02%
"Jul 24, 2008",9.4733,9.4543,9.4817,9.4336,0.14%
"Jul 23, 2008",9.46,9.4522,9.4867,9.4401,0.03%
"Jul 22, 2008",9.4575,9.4404,9.4885,9.4319,0.10%
"Jul 21, 2008",9.4477,9.4408,9.469,9.4242,-0.04%
"Jul 18, 2008",9.4511,9.4589,9.5035,9.4214,-0.10%
"Jul 17, 2008",9.4609,9.5114,9.5197,9.4435,-0.52%
"Jul 16, 2008",9.5099,9.474,9.5354,9.4645,0.30%
"Jul 15, 2008",9.4817,9.4809,9.5226,9.4674,-0.12%
"Jul 14, 2008",9.4931,9.461,9.5018,9.4467,0.14%
"Jul 11, 2008",9.4797,9.4615,9.497,9.4455,0.14%
"Jul 10, 2008",9.4665,9.4486,9.4834,9.4205,0.10%
"Jul 09, 2008",9.4568,9.4098,9.4705,9.4049,0.43%
"Jul 08, 2008",9.4164,9.4025,9.4464,9.3966,0.09%
"Jul 07, 2008",9.4076,9.3757,9.419,9.3669,0.16%
"Jul 04, 2008",9.3924,9.4041,9.4315,9.3693,-0.21%
"Jul 03, 2008",9.4125,9.4778,9.4938,9.3875,-0.73%
"Jul 02, 2008",9.4818,9.4382,9.4897,9.4307,0.40%
"Jul 01, 2008",9.4437,9.47,9.4891,9.4309,-0.29%
"Jun 30, 2008",9.4708,9.4245,9.4932,9.4043,0.39%
"Jun 27, 2008",9.4336,9.4046,9.4488,9.3948,0.26%
"Jun 26, 2008",9.409,9.4018,9.4239,9.3888,0.01%
"Jun 25, 2008",9.4083,9.4091,9.4323,9.3871,-0.09%
"Jun 24, 2008",9.4172,9.3915,9.4229,9.3805,0.20%
"Jun 23, 2008",9.3988,9.4,9.4261,9.3742,-0.15%
"Jun 20, 2008",9.4133,9.386,9.4191,9.3754,0.21%
"Jun 19, 2008",9.3933,9.3804,9.4196,9.3699,0.02%
"Jun 18, 2008",9.391,9.374,9.4024,9.3588,0.13%
"Jun 17, 2008",9.3792,9.329,9.3837,9.3213,0.51%
"Jun 16, 2008",9.3318,9.3557,9.3827,9.3214,-0.31%
"Jun 13, 2008",9.3607,9.376,9.3978,9.3462,-0.21%
"Jun 12, 2008",9.3805,9.3773,9.4024,9.352,-0.00%
"Jun 11, 2008",9.3806,9.3574,9.3957,9.3375,0.08%
"Jun 10, 2008",9.3735,9.3299,9.3845,9.2914,0.36%
"Jun 09, 2008",9.3397,9.3136,9.3705,9.3089,0.20%
"Jun 06, 2008",9.3212,9.31,9.3648,9.2779,0.01%
"Jun 05, 2008",9.3202,9.3232,9.3444,9.2947,-0.09%
"Jun 04, 2008",9.3284,9.3252,9.3637,9.3102,-0.06%
"Jun 03, 2008",9.3336,9.3693,9.3864,9.3167,-0.52%
"Jun 02, 2008",9.382,9.3266,9.3933,9.3198,0.46%
"May 30, 2008",9.339,9.3166,9.364,9.3087,0.16%
"May 29, 2008",9.3244,9.3458,9.3554,9.3041,-0.24%
"May 28, 2008",9.3472,9.3032,9.3587,9.2871,0.42%
"May 27, 2008",9.3082,9.3073,9.342,9.271,-0.10%
"May 26, 2008",9.3173,9.2952,9.3317,9.2834,0.20%
"May 23, 2008",9.2988,9.3108,9.3263,9.2856,-0.11%
"May 22, 2008",9.3093,9.3092,9.3392,9.2869,-0.09%
"May 21, 2008",9.318,9.2875,9.3362,9.2601,0.20%
"May 20, 2008",9.2995,9.2866,9.3095,9.2404,0.07%
"May 19, 2008",9.2934,9.3093,9.3268,9.2684,-0.25%
"May 16, 2008",9.3169,9.3146,9.3595,9.2954,-0.05%
"May 15, 2008",9.3218,9.3072,9.3527,9.2992,0.08%
"May 14, 2008",9.3148,9.2817,9.3243,9.2773,0.20%
"May 13, 2008",9.2958,9.2807,9.3068,9.2648,0.06%
"May 12, 2008",9.2903,9.2673,9.3049,9.2565,0.10%
"May 09, 2008",9.2808,9.2848,9.3149,9.2591,-0.12%
"May 08, 2008",9.2916,9.31,9.3377,9.2795,-0.30%
"May 07, 2008",9.3194,9.3247,9.3511,9.2775,-0.15%
"May 06, 2008",9.3331,9.3597,9.3726,9.3141,-0.34%
"May 05, 2008",9.3653,9.3412,9.3772,9.3277,0.08%
"May 02, 2008",9.3582,9.3458,9.3793,9.3019,0.09%
"May 01, 2008",9.3502,9.3316,9.3666,9.3211,0.17%
"Apr 30, 2008",9.3347,9.3549,9.3804,9.3139,-0.29%
"Apr 29, 2008",9.3614,9.3457,9.3783,9.3355,0.01%
"Apr 28, 2008",9.3603,9.349,9.376,9.3313,0.07%
"Apr 25, 2008",9.3536,9.313,9.3728,9.3026,0.35%
"Apr 24, 2008",9.3211,9.3282,9.3454,9.2811,-0.14%
"Apr 23, 2008",9.3338,9.3312,9.3544,9.2893,-0.04%
"Apr 22, 2008",9.3379,9.3663,9.3818,9.3287,-0.37%
"Apr 21, 2008",9.3729,9.4072,9.4241,9.3521,-0.43%
"Apr 18, 2008",9.4135,9.4157,9.435,9.3767,-0.10%
"Apr 17, 2008",9.4225,9.3831,9.4301,9.3678,0.35%
"Apr 16, 2008",9.3897,9.3927,9.4168,9.3698,-0.12%
"Apr 15, 2008",9.4006,9.3995,9.4316,9.3851,-0.02%
"Apr 14, 2008",9.4022,9.4169,9.4309,9.3845,-0.51%
"Apr 11, 2008",9.4507,9.3774,9.4507,9.3639,0.62%
"Apr 10, 2008",9.3921,9.3818,9.4098,9.365,0.04%
"Apr 09, 2008",9.3879,9.3682,9.3967,9.3473,0.17%
"Apr 08, 2008",9.372,9.3589,9.3856,9.3355,0.06%
"Apr 07, 2008",9.3667,9.366,9.3852,9.3418,-0.18%
"Apr 04, 2008",9.3835,9.357,9.3956,9.3393,0.23%
"Apr 03, 2008",9.3621,9.3607,9.3767,9.3245,-0.06%
"Apr 02, 2008",9.3673,9.3865,9.405,9.3449,-0.27%
"Apr 01, 2008",9.3925,9.3729,9.417,9.3647,0.13%
"Mar 31, 2008",9.38,9.3915,9.4114,9.3534,-0.23%
"Mar 28, 2008",9.4016,9.3899,9.4128,9.3556,0.02%
"Mar 27, 2008",9.4,9.4149,9.4366,9.3743,-0.17%
"Mar 26, 2008",9.4162,9.401,9.4347,9.3722,0.08%
"Mar 25, 2008",9.4088,9.43,9.4585,9.3844,-0.35%
"Mar 24, 2008",9.4417,9.4174,9.4546,9.4042,0.16%
"Mar 21, 2008",9.4266,9.4066,9.4355,9.3995,0.12%
"Mar 20, 2008",9.4157,9.3914,9.4452,9.3895,0.10%
"Mar 19, 2008",9.406,9.4145,9.4524,9.3738,-0.18%
"Mar 18, 2008",9.4229,9.4571,9.4844,9.4092,-0.50%
"Mar 17, 2008",9.47,9.445,9.5136,9.4359,0.11%
"Mar 14, 2008",9.46,9.4191,9.4736,9.4112,0.35%
"Mar 13, 2008",9.4266,9.4291,9.4656,9.4049,-0.03%
"Mar 12, 2008",9.4299,9.3835,9.4421,9.374,0.45%
"Mar 11, 2008",9.3872,9.3974,9.4161,9.3617,-0.18%
"Mar 10, 2008",9.4042,9.3999,9.4177,9.3819,0.02%
"Mar 07, 2008",9.4027,9.387,9.4166,9.3589,0.08%
"Mar 06, 2008",9.395,9.3443,9.3979,9.324,0.53%
"Mar 05, 2008",9.3459,9.3444,9.3742,9.3363,-0.02%
"Mar 04, 2008",9.3478,9.3444,9.3825,9.3353,-0.08%
"Mar 03, 2008",9.3554,9.3574,9.3866,9.3358,-0.03%
"Feb 29, 2008",9.358,9.3589,9.4093,9.338,-0.09%
"Feb 28, 2008",9.3664,9.3505,9.3978,9.3433,0.23%
"Feb 27, 2008",9.3448,9.2983,9.3546,9.2711,0.44%
"Feb 26, 2008",9.3037,9.3083,9.3345,9.2739,-0.05%
"Feb 25, 2008",9.3079,9.3031,9.3291,9.2867,0.03%
"Feb 22, 2008",9.3053,9.3038,9.3344,9.2868,-0.05%
"Feb 21, 2008",9.3098,9.3021,9.3318,9.2851,0.01%
"Feb 20, 2008",9.3091,9.3037,9.3458,9.2913,-0.00%
"Feb 19, 2008",9.3095,9.3065,9.3521,9.2878,-0.08%
"Feb 18, 2008",9.3173,9.2892,9.3282,9.2744,0.18%
"Feb 15, 2008",9.3003,9.327,9.3404,9.2872,-0.37%
"Feb 14, 2008",9.3353,9.3359,9.3556,9.3057,-0.07%
"Feb 13, 2008",9.3422,9.3982,9.4287,9.3276,-0.65%
"Feb 12, 2008",9.4035,9.4111,9.4324,9.3778,-0.18%
"Feb 11, 2008",9.4205,9.4132,9.45,9.3975,-0.04%
"Feb 08, 2008",9.424,9.4273,9.4544,9.3876,-0.11%
"Feb 07, 2008",9.4345,9.4078,9.4628,9.3895,0.20%
"Feb 06, 2008",9.4153,9.4486,9.4758,9.395,-0.32%
"Feb 05, 2008",9.4456,9.3904,9.4472,9.365,0.52%
"Feb 04, 2008",9.3971,9.4149,9.4316,9.374,-0.33%
"Feb 01, 2008",9.4285,9.4604,9.4907,9.4057,-0.36%
"Jan 31, 2008",9.4627,9.4154,9.4863,9.4109,0.40%
"Jan 30, 2008",9.4251,9.4421,9.4653,9.3907,-0.20%
"Jan 29, 2008",9.4441,9.4455,9.4754,9.429,-0.15%
"Jan 28, 2008",9.4583,9.4567,9.5161,9.4435,-0.32%
"Jan 25, 2008",9.4887,9.4606,9.4945,9.4283,0.25%
"Jan 24, 2008",9.4654,9.4797,9.5113,9.4504,-0.23%
"Jan 23, 2008",9.4871,9.4727,9.538,9.4606,0.10%
"Jan 22, 2008",9.4775,9.4781,9.5596,9.4396,-0.05%
"Jan 21, 2008",9.4825,9.412,9.4982,9.3993,0.68%
"Jan 18, 2008",9.4189,9.4282,9.4544,9.4036,-0.12%
"Jan 17, 2008",9.4299,9.4156,9.4386,9.3907,0.10%
"Jan 16, 2008",9.4208,9.4182,9.4544,9.3997,-0.03%
"Jan 15, 2008",9.4234,9.3702,9.4342,9.3511,0.49%
"Jan 14, 2008",9.3777,9.3876,9.4455,9.3593,-0.20%
"Jan 11, 2008",9.3963,9.3695,9.4199,9.3526,0.26%
"Jan 10, 2008",9.3718,9.4056,9.4331,9.3499,-0.47%
"Jan 09, 2008",9.4159,9.3799,9.4342,9.3763,0.38%
"Jan 08, 2008",9.3798,9.375,9.3969,9.3539,-0.06%
"Jan 07, 2008",9.3851,9.3597,9.4032,9.3518,0.11%
"Jan 04, 2008",9.375,9.3514,9.3926,9.3393,0.19%
"Jan 03, 2008",9.3575,9.4177,9.4345,9.3444,-0.66%
"Jan 02, 2008",9.4193,9.4271,9.4433,9.3938,-0.14%
"Jan 01, 2008",9.4328,9.428,9.447,9.3997,-0.03%
"Dec 31, 2007",9.4356,9.4143,9.4626,9.4019,0.10%
"Dec 28, 2007",9.426,9.4603,9.4913,9.4125,-0.44%
"Dec 27, 2007",9.468,9.4439,9.4875,9.4329,0.21%
"Dec 26, 2007",9.4477,9.4845,9.5021,9.431,-0.53%
"Dec 25, 2007",9.4982,9.4744,9.5102,9.429,0.15%
"Dec 24, 2007",9.4836,9.441,9.513,9.4265,0.22%
"Dec 21, 2007",9.463,9.4448,9.4947,9.4238,0.06%
"Dec 20, 2007",9.457,9.4494,9.4756,9.43,0.01%
"Dec 19, 2007",9.4557,9.4418,9.4993,9.4287,0.02%
"Dec 18, 2007",9.454,9.448,9.4733,9.4183,0.01%
"Dec 17, 2007",9.4526,9.3833,9.4681,9.3771,0.58%
"Dec 14, 2007",9.3977,9.4167,9.449,9.3732,-0.29%
"Dec 13, 2007",9.4246,9.4249,9.4625,9.4161,-0.12%
"Dec 12, 2007",9.4356,9.4609,9.471,9.3966,-0.14%
"Dec 11, 2007",9.4488,9.4216,9.4502,9.369,0.21%
"Dec 10, 2007",9.429,9.3838,9.4458,9.3765,0.34%
"Dec 07, 2007",9.397,9.3683,9.4176,9.3627,0.19%
"Dec 06, 2007",9.3788,9.3922,9.411,9.3693,-0.18%
"Dec 05, 2007",9.3959,9.3736,9.4141,9.3588,0.28%
"Dec 04, 2007",9.3698,9.3985,9.444,9.3536,-0.33%
"Dec 03, 2007",9.4008,9.3455,9.4041,9.332,0.58%
"Nov 30, 2007",9.3462,9.3839,9.4034,9.3301,-0.47%
"Nov 29, 2007",9.39,9.3588,9.4004,9.33,0.34%
"Nov 28, 2007",9.3582,9.3072,9.3792,9.2994,0.47%
"Nov 27, 2007",9.314,9.2618,9.3513,9.2447,0.47%
"Nov 26, 2007",9.2706,9.2868,9.2986,9.2561,-0.17%
"Nov 23, 2007",9.2862,9.3122,9.348,9.2736,-0.35%
"Nov 22, 2007",9.319,9.322,9.3528,9.3002,-0.01%
"Nov 21, 2007",9.3201,9.2923,9.3538,9.2794,0.26%
"Nov 20, 2007",9.2956,9.2743,9.3022,9.2545,0.24%
"Nov 19, 2007",9.2736,9.255,9.2997,9.2432,0.22%
"Nov 16, 2007",9.2533,9.268,9.3087,9.2354,-0.23%
"Nov 15, 2007",9.2749,9.2238,9.2805,9.19,0.53%
"Nov 14, 2007",9.226,9.2389,9.2497,9.2019,-0.22%
"Nov 13, 2007",9.2462,9.2787,9.3046,9.2367,-0.36%
"Nov 12, 2007",9.2798,9.2769,9.3467,9.2472,0.13%
"Nov 09, 2007",9.2677,9.2461,9.321,9.2334,0.16%
"Nov 08, 2007",9.2529,9.2472,9.2803,9.2277,-0.00%
"Nov 07, 2007",9.2533,9.2415,9.2707,9.207,0.07%
"Nov 06, 2007",9.247,9.2748,9.2864,9.2339,-0.37%
"Nov 05, 2007",9.2814,9.2504,9.2869,9.2404,0.21%
"Nov 02, 2007",9.2624,9.2708,9.2848,9.2238,-0.16%
"Nov 01, 2007",9.2768,9.1855,9.2785,9.1811,0.83%
"Oct 31, 2007",9.2004,9.1945,9.2386,9.1782,-0.02%
"Oct 30, 2007",9.2021,9.2066,9.2372,9.1579,-0.17%
"Oct 29, 2007",9.218,9.1843,9.2241,9.1665,0.37%
"Oct 26, 2007",9.1842,9.2019,9.2325,9.168,-0.31%
"Oct 25, 2007",9.2127,9.2137,9.2334,9.1827,-0.05%
"Oct 24, 2007",9.2175,9.1768,9.2428,9.167,0.40%
"Oct 23, 2007",9.1809,9.201,9.2223,9.1695,-0.29%
"Oct 22, 2007",9.2076,9.1691,9.2298,9.1598,0.43%
"Oct 19, 2007",9.1686,9.1651,9.1911,9.1471,0.01%
"Oct 18, 2007",9.1681,9.1443,9.1871,9.1361,0.21%
"Oct 17, 2007",9.1485,9.1438,9.1706,9.1314,-0.02%
"Oct 16, 2007",9.1503,9.1241,9.1744,9.1116,0.24%
"Oct 15, 2007",9.128,9.0963,9.1387,9.0823,0.30%
"Oct 12, 2007",9.1009,9.1188,9.1318,9.091,-0.27%
"Oct 11, 2007",9.1258,9.1318,9.1542,9.0951,-0.09%
"Oct 10, 2007",9.1344,9.1488,9.1723,9.1232,-0.27%
"Oct 09, 2007",9.1591,9.1595,9.1852,9.1457,-0.08%
"Oct 08, 2007",9.1668,9.1725,9.1851,9.1314,0.04%
"Oct 05, 2007",9.1627,9.1902,9.2142,9.1318,-0.37%
"Oct 04, 2007",9.1968,9.1828,9.2187,9.1613,0.10%
"Oct 03, 2007",9.188,9.2218,9.2326,9.1702,-0.42%
"Oct 02, 2007",9.2264,9.1726,9.241,9.1693,0.51%
"Oct 01, 2007",9.1798,9.1825,9.2072,9.1624,-0.10%
"Sep 28, 2007",9.189,9.2088,9.2288,9.1697,-0.34%
"Sep 27, 2007",9.2203,9.2362,9.2713,9.207,-0.21%
"Sep 26, 2007",9.24,9.1893,9.247,9.1867,0.45%
"Sep 25, 2007",9.1989,9.168,9.2298,9.1629,0.26%
"Sep 24, 2007",9.175,9.183,9.2039,9.1562,-0.20%
"Sep 21, 2007",9.1931,9.1949,9.2312,9.1703,-0.20%
"Sep 20, 2007",9.2119,9.2096,9.2355,9.1941,-0.07%
"Sep 19, 2007",9.2184,9.2525,9.2716,9.2061,-0.43%
"Sep 18, 2007",9.2579,9.2832,9.3122,9.248,-0.29%
"Sep 17, 2007",9.2844,9.2612,9.303,9.2536,0.27%
"Sep 14, 2007",9.2591,9.2587,9.291,9.2489,-0.03%
"Sep 13, 2007",9.2621,9.2677,9.3066,9.2436,-0.13%
"Sep 12, 2007",9.2746,9.3226,9.3379,9.2608,-0.61%
"Sep 11, 2007",9.3314,9.348,9.3799,9.3083,-0.22%
"Sep 10, 2007",9.352,9.3526,9.4014,9.3377,-0.07%
"Sep 07, 2007",9.3586,9.3325,9.3769,9.2997,0.19%
"Sep 06, 2007",9.3411,9.3823,9.3998,9.3191,-0.51%
"Sep 05, 2007",9.3891,9.3937,9.411,9.3763,-0.07%
"Sep 04, 2007",9.3954,9.3888,9.4193,9.3674,-0.01%
"Sep 03, 2007",9.3961,9.381,9.4078,9.3666,-0.06%
"Aug 31, 2007",9.4013,9.3851,9.4082,9.3489,0.12%
"Aug 30, 2007",9.3898,9.3585,9.4002,9.3488,0.27%
"Aug 29, 2007",9.3642,9.3903,9.4126,9.354,-0.33%
"Aug 28, 2007",9.3956,9.37,9.4038,9.3502,0.24%
"Aug 27, 2007",9.3735,9.3486,9.3901,9.3236,0.15%
"Aug 24, 2007",9.3593,9.361,9.4189,9.341,-0.15%
"Aug 23, 2007",9.3732,9.371,9.3947,9.3387,-0.06%
"Aug 22, 2007",9.3788,9.3766,9.3998,9.3499,-0.07%
"Aug 21, 2007",9.3851,9.3464,9.4035,9.3318,0.29%
"Aug 20, 2007",9.3576,9.3183,9.3636,9.3016,0.13%
"Aug 17, 2007",9.3454,9.3717,9.4361,9.29,-0.28%
"Aug 16, 2007",9.3718,9.375,9.4353,9.3493,-0.08%
"Aug 15, 2007",9.3794,9.3325,9.3848,9.3268,0.42%
"Aug 14, 2007",9.3405,9.3225,9.3629,9.2989,0.14%
"Aug 13, 2007",9.3274,9.2697,9.359,9.2581,0.57%
"Aug 10, 2007",9.2747,9.2627,9.3095,9.256,0.05%
"Aug 09, 2007",9.2705,9.2366,9.2934,9.222,0.34%
"Aug 08, 2007",9.2392,9.2305,9.2646,9.2165,0.00%
"Aug 07, 2007",9.239,9.2123,9.2589,9.1928,0.23%
"Aug 06, 2007",9.2176,9.2552,9.2666,9.2024,-0.53%
"Aug 03, 2007",9.267,9.202,9.2687,9.1913,0.63%
"Aug 02, 2007",9.209,9.2332,9.2546,9.1991,-0.37%
"Aug 01, 2007",9.2436,9.2037,9.2869,9.1962,0.35%
"Jul 31, 2007",9.2111,9.1869,9.2307,9.1703,0.22%
"Jul 30, 2007",9.1911,9.1873,9.2623,9.1774,-0.10%
"Jul 27, 2007",9.2,9.2484,9.2778,9.17,-0.66%
"Jul 26, 2007",9.261,9.2106,9.2689,9.1952,0.43%
"Jul 25, 2007",9.2213,9.2019,9.2396,9.1979,0.11%
"Jul 24, 2007",9.2114,9.1771,9.2312,9.1545,0.31%
"Jul 23, 2007",9.1825,9.1728,9.1991,9.1599,0.07%
"Jul 20, 2007",9.176,9.1666,9.1976,9.1534,0.01%
"Jul 19, 2007",9.175,9.1714,9.1923,9.1601,-0.12%
"Jul 18, 2007",9.1861,9.1559,9.1917,9.1511,0.26%
"Jul 17, 2007",9.1625,9.1517,9.1785,9.1366,0.07%
"Jul 16, 2007",9.156,9.1514,9.1847,9.1237,-0.11%
"Jul 13, 2007",9.166,9.1485,9.1796,9.1323,0.11%
"Jul 12, 2007",9.1559,9.1558,9.1729,9.1307,-0.05%
"Jul 11, 2007",9.1607,9.172,9.1912,9.1499,-0.18%
"Jul 10, 2007",9.1768,9.1851,9.2057,9.1492,-0.18%
"Jul 09, 2007",9.1936,9.1607,9.2013,9.1517,0.24%
"Jul 06, 2007",9.1714,9.1464,9.1853,9.1393,0.17%
"Jul 05, 2007",9.1561,9.156,9.1715,9.1426,-0.03%
"Jul 04, 2007",9.1592,9.2,9.2356,9.1444,-0.53%
"Jul 03, 2007",9.2077,9.2469,9.2639,9.1921,-0.48%
"Jul 02, 2007",9.2523,9.2526,9.2779,9.2333,0.06%
"Jun 29, 2007",9.2467,9.2268,9.2788,9.2205,0.17%
"Jun 28, 2007",9.2306,9.2459,9.2651,9.21,-0.22%
"Jun 27, 2007",9.2508,9.2758,9.3095,9.2418,-0.32%
"Jun 26, 2007",9.2805,9.2488,9.295,9.2402,0.20%
"Jun 25, 2007",9.2621,9.2317,9.2721,9.2233,0.18%
"Jun 22, 2007",9.2454,9.2222,9.2677,9.2171,0.20%
"Jun 21, 2007",9.2274,9.2574,9.2752,9.2152,-0.35%
"Jun 20, 2007",9.2595,9.4082,9.4258,9.2428,-1.65%
"Jun 19, 2007",9.4146,9.4192,9.4451,9.3929,-0.09%
"Jun 18, 2007",9.4232,9.4141,9.45,9.409,0.01%
"Jun 15, 2007",9.4223,9.4258,9.4517,9.3945,-0.16%
"Jun 14, 2007",9.4371,9.3956,9.4398,9.381,0.39%
"Jun 13, 2007",9.4001,9.4118,9.4465,9.3876,-0.18%
"Jun 12, 2007",9.4169,9.3396,9.4203,9.3238,0.73%
"Jun 11, 2007",9.3482,9.3323,9.3586,9.3201,0.08%
"Jun 08, 2007",9.3411,9.3166,9.3643,9.3084,0.18%
"Jun 07, 2007",9.3241,9.3191,9.3373,9.3018,0.00%
"Jun 06, 2007",9.3241,9.3205,9.352,9.3073,-0.06%
"Jun 05, 2007",9.3294,9.3181,9.3406,9.3043,0.03%
"Jun 04, 2007",9.327,9.3102,9.3486,9.3049,0.08%
"Jun 01, 2007",9.32,9.2964,9.3382,9.2811,0.15%
"May 31, 2007",9.3065,9.3061,9.3257,9.2669,-0.07%
"May 30, 2007",9.3128,9.2655,9.3228,9.2513,0.37%
"May 29, 2007",9.2784,9.2033,9.2831,9.1962,0.72%
"May 28, 2007",9.212,9.1911,9.2271,9.1833,0.16%
"May 25, 2007",9.1974,9.1912,9.2137,9.1762,-0.03%
"May 24, 2007",9.1999,9.1856,9.2173,9.1722,0.07%
"May 23, 2007",9.1936,9.1858,9.2159,9.1622,0.04%
"May 22, 2007",9.1903,9.2303,9.2421,9.1724,-0.46%
"May 21, 2007",9.2328,9.2179,9.2477,9.2034,0.08%
"May 18, 2007",9.2256,9.2268,9.2378,9.1908,-0.06%
"May 17, 2007",9.2316,9.2097,9.2394,9.1915,0.19%
"May 16, 2007",9.2145,9.1927,9.2204,9.1766,0.19%
"May 15, 2007",9.1971,9.2004,9.2248,9.175,-0.12%
"May 14, 2007",9.2083,9.2282,9.2422,9.1976,-0.29%
"May 11, 2007",9.2348,9.2251,9.2494,9.2095,0.01%
"May 10, 2007",9.2338,9.2019,9.2502,9.1828,0.26%
"May 09, 2007",9.2098,9.183,9.2231,9.1816,0.18%
"May 08, 2007",9.1928,9.1686,9.2056,9.158,0.17%
"May 07, 2007",9.1775,9.1631,9.1876,9.1501,0.08%
"May 04, 2007",9.1698,9.15,9.187,9.1171,0.19%
"May 03, 2007",9.1528,9.1306,9.1862,9.1229,0.19%
"May 02, 2007",9.1354,9.1347,9.1716,9.1127,-0.12%
"May 01, 2007",9.1468,9.1372,9.1609,9.1209,0.06%
"Apr 30, 2007",9.1415,9.1285,9.1727,9.1203,0.12%
"Apr 27, 2007",9.1305,9.1434,9.1669,9.1212,-0.21%
"Apr 26, 2007",9.1498,9.1607,9.1837,9.1332,-0.23%
"Apr 25, 2007",9.1707,9.1932,9.206,9.1557,-0.30%
"Apr 24, 2007",9.1981,9.1851,9.2096,9.1801,0.08%
"Apr 23, 2007",9.1904,9.1865,9.212,9.1801,-0.12%
"Apr 20, 2007",9.2014,9.2036,9.2198,9.1772,-0.04%
"Apr 19, 2007",9.2052,9.2017,9.2321,9.1917,-0.00%
"Apr 18, 2007",9.2055,9.1931,9.2334,9.172,0.00%
"Apr 17, 2007",9.2053,9.2127,9.2335,9.1832,-0.11%
"Apr 16, 2007",9.2157,9.2756,9.2975,9.2022,-0.63%
"Apr 13, 2007",9.2743,9.2599,9.3092,9.2471,0.05%
"Apr 12, 2007",9.2694,9.2607,9.2962,9.2437,0.02%
"Apr 11, 2007",9.2673,9.2503,9.2846,9.2395,0.07%
"Apr 10, 2007",9.2612,9.2755,9.2977,9.2489,-0.21%
"Apr 09, 2007",9.2807,9.2811,9.3011,9.2597,-0.11%
"Apr 06, 2007",9.2907,9.2885,9.3035,9.2523,0.03%
"Apr 05, 2007",9.2883,9.2904,9.3163,9.2516,-0.10%
"Apr 04, 2007",9.2976,9.3509,9.3731,9.2858,-0.65%
"Apr 03, 2007",9.3584,9.3668,9.3864,9.3446,-0.24%
"Apr 02, 2007",9.381,9.3263,9.3931,9.3124,0.65%
"Mar 30, 2007",9.3208,9.3215,9.361,9.302,-0.10%
"Mar 29, 2007",9.3299,9.3431,9.3593,9.3056,-0.21%
"Mar 28, 2007",9.3497,9.3062,9.3629,9.2774,0.43%
"Mar 27, 2007",9.31,9.2988,9.34,9.2897,0.02%
"Mar 26, 2007",9.3083,9.2968,9.3223,9.2858,0.07%
"Mar 23, 2007",9.3021,9.2949,9.3255,9.2625,0.04%
"Mar 22, 2007",9.2988,9.2913,9.3151,9.2724,0.03%
"Mar 21, 2007",9.2958,9.2927,9.3126,9.2779,0.04%
"Mar 20, 2007",9.2922,9.2901,9.3192,9.2759,-0.01%
"Mar 19, 2007",9.2927,9.2718,9.3102,9.2567,0.17%
"Mar 16, 2007",9.2767,9.252,9.29,9.2407,0.20%
"Mar 15, 2007",9.2579,9.2709,9.2996,9.2416,-0.20%
"Mar 14, 2007",9.2761,9.2753,9.3244,9.2631,0.02%
"Mar 13, 2007",9.2739,9.2828,9.312,9.2645,-0.20%
"Mar 12, 2007",9.2922,9.2995,9.3189,9.2666,-0.19%
"Mar 09, 2007",9.3101,9.2953,9.3241,9.2747,0.15%
"Mar 08, 2007",9.2958,9.2767,9.306,9.2611,0.20%
"Mar 07, 2007",9.2776,9.2512,9.285,9.2431,0.21%
"Mar 06, 2007",9.2582,9.3046,9.3171,9.2462,-0.62%
"Mar 05, 2007",9.3157,9.2841,9.3522,9.2734,0.29%
"Mar 02, 2007",9.2887,9.2981,9.3188,9.2731,-0.18%
"Mar 01, 2007",9.3055,9.2488,9.3117,9.2419,0.54%
"Feb 28, 2007",9.2554,9.2456,9.2985,9.2304,0.06%
"Feb 27, 2007",9.2501,9.2663,9.2821,9.2188,-0.14%
"Feb 26, 2007",9.2632,9.2874,9.3056,9.2536,-0.36%
"Feb 23, 2007",9.2969,9.2917,9.3286,9.277,-0.00%
"Feb 22, 2007",9.2973,9.2924,9.3261,9.2737,-0.01%
"Feb 21, 2007",9.2981,9.2454,9.3223,9.2371,0.47%
"Feb 20, 2007",9.2542,9.2244,9.2812,9.2193,0.23%
"Feb 19, 2007",9.233,9.2396,9.2729,9.2171,-0.09%
"Feb 16, 2007",9.2414,9.2384,9.2877,9.2154,-0.03%
"Feb 15, 2007",9.2439,9.1333,9.2665,9.1202,1.13%
"Feb 14, 2007",9.1402,9.1494,9.1723,9.1255,-0.14%
"Feb 13, 2007",9.1533,9.135,9.1861,9.1156,0.23%
"Feb 12, 2007",9.1326,9.0933,9.1457,9.0828,0.24%
"Feb 09, 2007",9.1109,9.0768,9.1179,9.0695,0.29%
"Feb 08, 2007",9.0842,9.1056,9.1297,9.0697,-0.34%
"Feb 07, 2007",9.1148,9.1195,9.1404,9.0971,-0.12%
"Feb 06, 2007",9.1255,9.125,9.1557,9.1114,0.00%
"Feb 05, 2007",9.1252,9.0619,9.1369,9.0329,0.65%
"Feb 02, 2007",9.0665,9.0562,9.0822,9.038,0.10%
"Feb 01, 2007",9.0577,9.0551,9.0676,9.0216,0.01%
"Jan 31, 2007",9.0572,9.042,9.0674,9.0304,0.09%
"Jan 30, 2007",9.0489,9.0477,9.07,9.0095,-0.02%
"Jan 29, 2007",9.0508,9.0897,9.0993,9.0225,-0.46%
"Jan 26, 2007",9.0928,9.0736,9.117,9.064,0.14%
"Jan 25, 2007",9.0797,9.0854,9.0972,9.0538,-0.11%
"Jan 24, 2007",9.0899,9.0726,9.1044,9.0456,0.12%
"Jan 23, 2007",9.0793,9.1223,9.1331,9.0646,-0.53%
"Jan 22, 2007",9.1276,9.1039,9.1382,9.0931,0.20%
"Jan 19, 2007",9.1091,9.1218,9.1376,9.0831,-0.16%
"Jan 18, 2007",9.1239,9.075,9.1278,9.0671,0.48%
"Jan 17, 2007",9.0803,9.0462,9.102,9.0345,0.31%
"Jan 16, 2007",9.0525,9.0764,9.0907,9.0403,-0.31%
"Jan 15, 2007",9.0806,9.0772,9.1013,9.0533,-0.05%
"Jan 12, 2007",9.0847,9.1463,9.1554,9.0574,-0.66%
"Jan 11, 2007",9.1451,9.1362,9.1581,9.0965,0.05%
"Jan 10, 2007",9.1409,9.1198,9.1532,9.0936,0.16%
"Jan 09, 2007",9.1267,9.1025,9.143,9.0755,0.17%
"Jan 08, 2007",9.111,9.0554,9.1177,9.0459,0.60%
"Jan 05, 2007",9.0564,9.0782,9.1119,9.0405,-0.30%
"Jan 04, 2007",9.0838,9.0315,9.0922,9.0125,0.58%
"Jan 03, 2007",9.0316,9.0214,9.0392,8.992,0.06%
"Jan 02, 2007",9.0266,9.0357,9.0491,8.9958,-0.15%
"Jan 01, 2007",9.0402,9.018,9.0409,8.9995,0.00%
