[
	{
		"_source": "http://www.empleo.gob.es/uafse/es/beneficiarios/2016-pdf/PO_FSE_CEUTA.pdf",
		"_title": "CEUTA",
		"beneficiary": "1 SIGLO DE ENSEÑANZA S.L.",
		"operation": "Fomentar el apoyo al trabajo por cuenta propia y la creación de empresas",
		"spending": "15.000,00",
		"po_nr": "2007ES051PO007",
		"po_str": "PO FSE CEUTA"
	},
	{
		"_source": "http://www.empleo.gob.es/uafse/es/beneficiarios/2016-pdf/PO_FSE_CEUTA.pdf",
		"_title": "CEUTA",
		"beneficiary": "A.MATEOS & SONS SPAIN S.L.",
		"operation": "Promoción del empleo estable y de calidad y difusión de formas Innovadoras de organización \nlaboral",
		"spending": "2.500,00",
		"po_nr": "2007ES051PO007",
		"po_str": "PO FSE CEUTA"
	},
	{
		"_source": "http://www.empleo.gob.es/uafse/es/beneficiarios/2016-pdf/PO_FSE_CEUTA.pdf",
		"_title": "CEUTA",
		"beneficiary": "ABYLA SHIPPING S.L.",
		"operation": "Mejorar la empleabilidad de las personas desempleadas",
		"spending": "30.000,00",
		"po_nr": "2007ES051PO007",
		"po_str": "PO FSE CEUTA"
	},
	{
		"_source": "http://www.empleo.gob.es/uafse/es/beneficiarios/2016-pdf/PO_FSE_CEUTA.pdf",
		"_title": "CEUTA",
		"beneficiary": "ABYLA SHIPPING S.L.",
		"operation": "Promoción del empleo estable y de calidad y difusión de formas Innovadoras de organización \nlaboral",
		"spending": "34.250,00",
		"po_nr": "2007ES051PO007",
		"po_str": "PO FSE CEUTA"
	},
	{
		"_source": "http://www.empleo.gob.es/uafse/es/beneficiarios/2016-pdf/PO_FSE_CEUTA.pdf",
		"_title": "CEUTA",
		"beneficiary": "ACADEMIA SOCE S.L.",
		"operation": "Mejorar la empleabilidad de las personas desempleadas",
		"spending": "10.430,09",
		"po_nr": "2007ES051PO007",
		"po_str": "PO FSE CEUTA"
	},
	{
		"_source": "http://www.empleo.gob.es/uafse/es/beneficiarios/2016-pdf/PO_FSE_CEUTA.pdf",
		"_title": "CEUTA",
		"beneficiary": "ACADEMIA SOCE S.L.",
		"operation": "Promoción del empleo estable y de calidad y difusión de formas Innovadoras de organización \nlaboral",
		"spending": "2.500,00",
		"po_nr": "2007ES051PO007",
		"po_str": "PO FSE CEUTA"
	},
	{
		"_source": "http://www.empleo.gob.es/uafse/es/beneficiarios/2016-pdf/PO_FSE_CEUTA.pdf",
		"_title": "CEUTA",
		"beneficiary": "ACUDEDUCA CEUTA S.L.",
		"operation": "Proponer oportunidades de integración social y laboral a las personas con discapacidad y en \nriesgo de exclusión",
		"spending": "8.969,42",
		"po_nr": "2007ES051PO007",
		"po_str": "PO FSE CEUTA"
	},
	{
		"_source": "http://www.empleo.gob.es/uafse/es/beneficiarios/2016-pdf/PO_FSE_CEUTA.pdf",
		"_title": "CEUTA",
		"beneficiary": "AFRICANA CONTRATAS Y CONSTRUCCIONES",
		"operation": "Promoción del empleo estable y de calidad y difusión de formas Innovadoras de organización \nlaboral",
		"spending": "2.500,00",
		"po_nr": "2007ES051PO007",
		"po_str": "PO FSE CEUTA"
	},
	{
		"_source": "http://www.empleo.gob.es/uafse/es/beneficiarios/2016-pdf/PO_FSE_CEUTA.pdf",
		"_title": "CEUTA",
		"beneficiary": "AFRICANA CONTRATAS Y CONSTRUCCIONES",
		"operation": "Proponer oportunidades de integración social y laboral a las personas con discapacidad y en \nriesgo de exclusión",
		"spending": "10.500,00",
		"po_nr": "2007ES051PO007",
		"po_str": "PO FSE CEUTA"
	},
	{
		"_source": "http://www.empleo.gob.es/uafse/es/beneficiarios/2016-pdf/PO_FSE_CEUTA.pdf",
		"_title": "CEUTA",
		"beneficiary": "AGENCIA PARTIDA S.A.",
		"operation": "Mejorar la empleabilidad de las personas desempleadas",
		"spending": "2.500,00",
		"po_nr": "2007ES051PO007",
		"po_str": "PO FSE CEUTA"
	},
	{
		"_source": "http://www.empleo.gob.es/uafse/es/beneficiarios/2016-pdf/PO_FSE_CEUTA.pdf",
		"_title": "CEUTA",
		"beneficiary": "ALGO MAS QUE VINOS S.L.",
		"operation": "Promoción del empleo estable y de calidad y difusión de formas Innovadoras de organización \nlaboral",
		"spending": "4.500,00",
		"po_nr": "2007ES051PO007",
		"po_str": "PO FSE CEUTA"
	},
	{
		"_source": "http://www.empleo.gob.es/uafse/es/beneficiarios/2016-pdf/PO_FSE_CEUTA.pdf",
		"_title": "CEUTA",
		"beneficiary": "ALIMENTACION TARAJAL S.L.",
		"operation": "Promoción del empleo estable y de calidad y difusión de formas Innovadoras de organización \nlaboral",
		"spending": "7.000,00",
		"po_nr": "2007ES051PO007",
		"po_str": "PO FSE CEUTA"
	},
	{
		"_source": "http://www.empleo.gob.es/uafse/es/beneficiarios/2016-pdf/PO_FSE_CEUTA.pdf",
		"_title": "CEUTA",
		"beneficiary": "ALMACENES MAME S.L.",
		"operation": "Promoción del empleo estable y de calidad y difusión de formas Innovadoras de organización \nlaboral",
		"spending": "4.500,00",
		"po_nr": "2007ES051PO007",
		"po_str": "PO FSE CEUTA"
	},
	{
		"_source": "http://www.empleo.gob.es/uafse/es/beneficiarios/2016-pdf/PO_FSE_CEUTA.pdf",
		"_title": "CEUTA",
		"beneficiary": "ALMACENES MARISOL S.A.",
		"operation": "Promoción del empleo estable y de calidad y difusión de formas Innovadoras de organización \nlaboral",
		"spending": "7.500,00",
		"po_nr": "2007ES051PO007",
		"po_str": "PO FSE CEUTA"
	},
	{
		"_source": "http://www.empleo.gob.es/uafse/es/beneficiarios/2016-pdf/PO_FSE_CEUTA.pdf",
		"_title": "CEUTA",
		"beneficiary": "ALMACENES MARISOL S.L.",
		"operation": "Promoción del empleo estable y de calidad y difusión de formas Innovadoras de organización \nlaboral",
		"spending": "3.000,00",
		"po_nr": "2007ES051PO007",
		"po_str": "PO FSE CEUTA"
	},
	{
		"_source": "http://www.empleo.gob.es/uafse/es/beneficiarios/2016-pdf/PO_FSE_CEUTA.pdf",
		"_title": "CEUTA",
		"beneficiary": "ALMACENES MARISON S.A.",
		"operation": "Promoción del empleo estable y de calidad y difusión de formas Innovadoras de organización \nlaboral",
		"spending": "2.500,00",
		"po_nr": "2007ES051PO007",
		"po_str": "PO FSE CEUTA"
	},
	{
		"_source": "http://www.empleo.gob.es/uafse/es/beneficiarios/2016-pdf/PO_FSE_CEUTA.pdf",
		"_title": "CEUTA",
		"beneficiary": "ALMACENES VALLECILLOS S.L.",
		"operation": "Promoción del empleo estable y de calidad y difusión de formas Innovadoras de organización \nlaboral",
		"spending": "4.500,00",
		"po_nr": "2007ES051PO007",
		"po_str": "PO FSE CEUTA"
	},
	{
		"_source": "http://www.empleo.gob.es/uafse/es/beneficiarios/2016-pdf/PO_FSE_CEUTA.pdf",
		"_title": "CEUTA",
		"beneficiary": "ALMANCENES MARISOL S.A.",
		"operation": "Promoción del empleo estable y de calidad y difusión de formas Innovadoras de organización \nlaboral",
		"spending": "2.500,00",
		"po_nr": "2007ES051PO007",
		"po_str": "PO FSE CEUTA"
	},
	{
		"_source": "http://www.empleo.gob.es/uafse/es/beneficiarios/2016-pdf/PO_FSE_CEUTA.pdf",
		"_title": "CEUTA",
		"beneficiary": "ALMAR CEUTA CARS S.L.",
		"operation": "Fomentar el apoyo al trabajo por cuenta propia y la creación de empresas",
		"spending": "6.376,73",
		"po_nr": "2007ES051PO007",
		"po_str": "PO FSE CEUTA"
	},
	{
		"_source": "http://www.empleo.gob.es/uafse/es/beneficiarios/2016-pdf/PO_FSE_CEUTA.pdf",
		"_title": "CEUTA",
		"beneficiary": "ALMAR CEUTA CARS S.L.",
		"operation": "Promoción del empleo estable y de calidad y difusión de formas Innovadoras de organización \nlaboral",
		"spending": "8.000,00",
		"po_nr": "2007ES051PO007",
		"po_str": "PO FSE CEUTA"
	},
	{
		"_source": "http://www.empleo.gob.es/uafse/es/beneficiarios/2016-pdf/PO_FSE_CEUTA.pdf",
		"_title": "CEUTA",
		"beneficiary": "ALMINA EVENTO S.L.",
		"operation": "Promoción del empleo estable y de calidad y difusión de formas Innovadoras de organización \nlaboral",
		"spending": "2.500,00",
		"po_nr": "2007ES051PO007",
		"po_str": "PO FSE CEUTA"
	},
	{
		"_source": "http://www.empleo.gob.es/uafse/es/beneficiarios/2016-pdf/PO_FSE_CEUTA.pdf",
		"_title": "CEUTA",
		"beneficiary": "ALPAO C.B.",
		"operation": "Promoción del empleo estable y de calidad y difusión de formas Innovadoras de organización \nlaboral",
		"spending": "4.500,00",
		"po_nr": "2007ES051PO007",
		"po_str": "PO FSE CEUTA"
	},
	{
		"_source": "http://www.empleo.gob.es/uafse/es/beneficiarios/2016-pdf/PO_FSE_CEUTA.pdf",
		"_title": "CEUTA",
		"beneficiary": "ALUMINIOS CEUTA S.L.",
		"operation": "Promoción del empleo estable y de calidad y difusión de formas Innovadoras de organización \nlaboral",
		"spending": "4.500,00",
		"po_nr": "2007ES051PO007",
		"po_str": "PO FSE CEUTA"
	},
	{
		"_source": "http://www.empleo.gob.es/uafse/es/beneficiarios/2016-pdf/PO_FSE_CEUTA.pdf",
		"_title": "CEUTA",
		"beneficiary": "AMARRES CEUTA S.L.",
		"operation": "Mejorar la empleabilidad de las personas desempleadas",
		"spending": "20.000,00",
		"po_nr": "2007ES051PO007",
		"po_str": "PO FSE CEUTA"
	},
	{
		"_source": "http://www.empleo.gob.es/uafse/es/beneficiarios/2016-pdf/PO_FSE_CEUTA.pdf",
		"_title": "CEUTA",
		"beneficiary": "AMARRES CEUTA S.L.",
		"operation": "Promoción del empleo estable y de calidad y difusión de formas Innovadoras de organización \nlaboral",
		"spending": "32.500,00",
		"po_nr": "2007ES051PO007",
		"po_str": "PO FSE CEUTA"
	},
	{
		"_source": "http://www.empleo.gob.es/uafse/es/beneficiarios/2016-pdf/PO_FSE_CEUTA.pdf",
		"_title": "CEUTA",
		"beneficiary": "ANGEL CELDRAN S.L.",
		"operation": "Mejorar la empleabilidad de las personas desempleadas",
		"spending": "2.500,00",
		"po_nr": "2007ES051PO007",
		"po_str": "PO FSE CEUTA"
	},
	{
		"_source": "http://www.empleo.gob.es/uafse/es/beneficiarios/2016-pdf/PO_FSE_CEUTA.pdf",
		"_title": "CEUTA",
		"beneficiary": "AQUATROPIC C.B.",
		"operation": "Fomentar el apoyo al trabajo por cuenta propia y la creación de empresas",
		"spending": "13.600,00",
		"po_nr": "2007ES051PO007",
		"po_str": "PO FSE CEUTA"
	},
	{
		"_source": "http://www.empleo.gob.es/uafse/es/beneficiarios/2016-pdf/PO_FSE_CEUTA.pdf",
		"_title": "CEUTA",
		"beneficiary": "ARASTI BARCA M.A. S.L.",
		"operation": "Promoción del empleo estable y de calidad y difusión de formas Innovadoras de organización \nlaboral",
		"spending": "12.694,11",
		"po_nr": "2007ES051PO007",
		"po_str": "PO FSE CEUTA"
	},
	{
		"_source": "http://www.empleo.gob.es/uafse/es/beneficiarios/2016-pdf/PO_FSE_CEUTA.pdf",
		"_title": "CEUTA",
		"beneficiary": "ARATI BARCA M.A. S.L.",
		"operation": "Promoción del empleo estable y de calidad y difusión de formas Innovadoras de organización \nlaboral",
		"spending": "42.335,54",
		"po_nr": "2007ES051PO007",
		"po_str": "PO FSE CEUTA"
	},
	{
		"_source": "http://www.empleo.gob.es/uafse/es/beneficiarios/2016-pdf/PO_FSE_CEUTA.pdf",
		"_title": "CEUTA",
		"beneficiary": "ASESORIA ALFOFIS C.B.",
		"operation": "Promoción del empleo estable y de calidad y difusión de formas Innovadoras de organización \nlaboral",
		"spending": "4.500,00",
		"po_nr": "2007ES051PO007",
		"po_str": "PO FSE CEUTA"
	},
	{
		"_source": "http://www.empleo.gob.es/uafse/es/beneficiarios/2016-pdf/PO_FSE_CEUTA.pdf",
		"_title": "CEUTA",
		"beneficiary": "ASOCIACION AUTISMO CEUTA",
		"operation": "Mejorar la empleabilidad de las personas desempleadas",
		"spending": "2.025,00",
		"po_nr": "2007ES051PO007",
		"po_str": "PO FSE CEUTA"
	},
	{
		"_source": "http://www.empleo.gob.es/uafse/es/beneficiarios/2016-pdf/PO_FSE_CEUTA.pdf",
		"_title": "CEUTA",
		"beneficiary": "ASOCIACION AUTISMO CEUTA",
		"operation": "Promoción del empleo estable y de calidad y difusión de formas Innovadoras de organización \nlaboral",
		"spending": "1.875,00",
		"po_nr": "2007ES051PO007",
		"po_str": "PO FSE CEUTA"
	},
	{
		"_source": "http://www.empleo.gob.es/uafse/es/beneficiarios/2016-pdf/PO_FSE_CEUTA.pdf",
		"_title": "CEUTA",
		"beneficiary": "ASOCIACION DE FAMILIAS NUMEROSAS",
		"operation": "Promoción del empleo estable y de calidad y difusión de formas Innovadoras de organización \nlaboral",
		"spending": "2.187,50",
		"po_nr": "2007ES051PO007",
		"po_str": "PO FSE CEUTA"
	},
	{
		"_source": "http://www.empleo.gob.es/uafse/es/beneficiarios/2016-pdf/PO_FSE_CEUTA.pdf",
		"_title": "CEUTA",
		"beneficiary": "ASOCIACION FIBROMIALGIA",
		"operation": "Promoción del empleo estable y de calidad y difusión de formas Innovadoras de organización \nlaboral",
		"spending": "2.250,00",
		"po_nr": "2007ES051PO007",
		"po_str": "PO FSE CEUTA"
	},
	{
		"_source": "http://www.empleo.gob.es/uafse/es/beneficiarios/2016-pdf/PO_FSE_CEUTA.pdf",
		"_title": "CEUTA",
		"beneficiary": "ASOCIACION FIBROMIALGIA CEUTA",
		"operation": "Promoción del empleo estable y de calidad y difusión de formas Innovadoras de organización \nlaboral",
		"spending": "1.250,00",
		"po_nr": "2007ES051PO007",
		"po_str": "PO FSE CEUTA"
	},
	{
		"_source": "http://www.empleo.gob.es/uafse/es/beneficiarios/2016-pdf/PO_FSE_CEUTA.pdf",
		"_title": "CEUTA",
		"beneficiary": "ASOCIACION PROTECTORA ANIMALES CEUTA",
		"operation": "Promoción del empleo estable y de calidad y difusión de formas Innovadoras de organización \nlaboral",
		"spending": "750,00",
		"po_nr": "2007ES051PO007",
		"po_str": "PO FSE CEUTA"
	},
	{
		"_source": "http://www.empleo.gob.es/uafse/es/beneficiarios/2016-pdf/PO_FSE_CEUTA.pdf",
		"_title": "CEUTA",
		"beneficiary": "ASOCIACION SINDROME DOW CEUTA",
		"operation": "Promoción del empleo estable y de calidad y difusión de formas Innovadoras de organización \nlaboral",
		"spending": "1.750,00",
		"po_nr": "2007ES051PO007",
		"po_str": "PO FSE CEUTA"
	},
	{
		"_source": "http://www.empleo.gob.es/uafse/es/beneficiarios/2016-pdf/PO_FSE_CEUTA.pdf",
		"_title": "CEUTA",
		"beneficiary": "AZ HOGAR S.L.",
		"operation": "Mejorar la empleabilidad de las personas desempleadas",
		"spending": "2.500,00",
		"po_nr": "2007ES051PO007",
		"po_str": "PO FSE CEUTA"
	},
	{
		"_source": "http://www.empleo.gob.es/uafse/es/beneficiarios/2016-pdf/PO_FSE_CEUTA.pdf",
		"_title": "CEUTA",
		"beneficiary": "AZULEJOS Y BAÑOS SUSY S.L.",
		"operation": "Promoción del empleo estable y de calidad y difusión de formas Innovadoras de organización \nlaboral",
		"spending": "4.500,00",
		"po_nr": "2007ES051PO007",
		"po_str": "PO FSE CEUTA"
	},
	{
		"_source": "http://www.empleo.gob.es/uafse/es/beneficiarios/2016-pdf/PO_FSE_CEUTA.pdf",
		"_title": "CEUTA",
		"beneficiary": "BAZAR FILIPE S.L.",
		"operation": "Promoción del empleo estable y de calidad y difusión de formas Innovadoras de organización \nlaboral",
		"spending": "5.000,00",
		"po_nr": "2007ES051PO007",
		"po_str": "PO FSE CEUTA"
	},
	{
		"_source": "http://www.empleo.gob.es/uafse/es/beneficiarios/2016-pdf/PO_FSE_CEUTA.pdf",
		"_title": "CEUTA",
		"beneficiary": "BEER ROCK COFFEE C.B.",
		"operation": "Promoción del empleo estable y de calidad y difusión de formas Innovadoras de organización \nlaboral",
		"spending": "2.500,00",
		"po_nr": "2007ES051PO007",
		"po_str": "PO FSE CEUTA"
	},
	{
		"_source": "http://www.empleo.gob.es/uafse/es/beneficiarios/2016-pdf/PO_FSE_CEUTA.pdf",
		"_title": "CEUTA",
		"beneficiary": "BEQ CEUTA S.L.",
		"operation": "Promoción del empleo estable y de calidad y difusión de formas Innovadoras de organización \nlaboral",
		"spending": "2.500,00",
		"po_nr": "2007ES051PO007",
		"po_str": "PO FSE CEUTA"
	},
	{
		"_source": "http://www.empleo.gob.es/uafse/es/beneficiarios/2016-pdf/PO_FSE_CEUTA.pdf",
		"_title": "CEUTA",
		"beneficiary": "BOUTIQUE CLUB 1988 S.L.",
		"operation": "Promoción del empleo estable y de calidad y difusión de formas Innovadoras de organización \nlaboral",
		"spending": "2.292,00",
		"po_nr": "2007ES051PO007",
		"po_str": "PO FSE CEUTA"
	},
	{
		"_source": "http://www.empleo.gob.es/uafse/es/beneficiarios/2016-pdf/PO_FSE_CEUTA.pdf",
		"_title": "CEUTA",
		"beneficiary": "BOUTIQUE CLUB 1988, S.L.",
		"operation": "Promoción del empleo estable y de calidad y difusión de formas Innovadoras de organización \nlaboral",
		"spending": "2.500,00",
		"po_nr": "2007ES051PO007",
		"po_str": "PO FSE CEUTA"
	},
	{
		"_source": "http://www.empleo.gob.es/uafse/es/beneficiarios/2016-pdf/PO_FSE_CEUTA.pdf",
		"_title": "CEUTA",
		"beneficiary": "CANIS FAMILIARIS S.L.",
		"operation": "Mejorar la empleabilidad de las personas desempleadas",
		"spending": "3.511,58",
		"po_nr": "2007ES051PO007",
		"po_str": "PO FSE CEUTA"
	},
	{
		"_source": "http://www.empleo.gob.es/uafse/es/beneficiarios/2016-pdf/PO_FSE_CEUTA.pdf",
		"_title": "CEUTA",
		"beneficiary": "CAPOTE Y ALBA S.L.",
		"operation": "Mejorar la empleabilidad de las personas desempleadas",
		"spending": "2.500,00",
		"po_nr": "2007ES051PO007",
		"po_str": "PO FSE CEUTA"
	},
	{
		"_source": "http://www.empleo.gob.es/uafse/es/beneficiarios/2016-pdf/PO_FSE_CEUTA.pdf",
		"_title": "CEUTA",
		"beneficiary": "CAPRISHOP S.L.",
		"operation": "Promoción del empleo estable y de calidad y difusión de formas Innovadoras de organización \nlaboral",
		"spending": "5.000,00",
		"po_nr": "2007ES051PO007",
		"po_str": "PO FSE CEUTA"
	},
	{
		"_source": "http://www.empleo.gob.es/uafse/es/beneficiarios/2016-pdf/PO_FSE_CEUTA.pdf",
		"_title": "CEUTA",
		"beneficiary": "CASH CEUTA S.L.",
		"operation": "Promoción del empleo estable y de calidad y difusión de formas Innovadoras de organización \nlaboral",
		"spending": "10.000,00",
		"po_nr": "2007ES051PO007",
		"po_str": "PO FSE CEUTA"
	},
	{
		"_source": "http://www.empleo.gob.es/uafse/es/beneficiarios/2016-pdf/PO_FSE_CEUTA.pdf",
		"_title": "CEUTA",
		"beneficiary": "CEALFE S.L.",
		"operation": "Promoción del empleo estable y de calidad y difusión de formas Innovadoras de organización \nlaboral",
		"spending": "9.000,00",
		"po_nr": "2007ES051PO007",
		"po_str": "PO FSE CEUTA"
	},
	{
		"_source": "http://www.empleo.gob.es/uafse/es/beneficiarios/2016-pdf/PO_FSE_CEUTA.pdf",
		"_title": "CEUTA",
		"beneficiary": "CEBINGO S.A.",
		"operation": "Mejorar la empleabilidad de las personas desempleadas",
		"spending": "1.250,00",
		"po_nr": "2007ES051PO007",
		"po_str": "PO FSE CEUTA"
	},
	{
		"_source": "http://www.empleo.gob.es/uafse/es/beneficiarios/2016-pdf/PO_FSE_CEUTA.pdf",
		"_title": "CEUTA",
		"beneficiary": "CENTO COMERCIAL EMPIERE S.A.",
		"operation": "Promoción del empleo estable y de calidad y difusión de formas Innovadoras de organización \nlaboral",
		"spending": "5.000,00",
		"po_nr": "2007ES051PO007",
		"po_str": "PO FSE CEUTA"
	},
	{
		"_source": "http://www.empleo.gob.es/uafse/es/beneficiarios/2016-pdf/PO_FSE_CEUTA.pdf",
		"_title": "CEUTA",
		"beneficiary": "CENTRAL INERNACIONAL DE SERVICIOS S.L.",
		"operation": "Promoción del empleo estable y de calidad y difusión de formas Innovadoras de organización \nlaboral",
		"spending": "3.500,00",
		"po_nr": "2007ES051PO007",
		"po_str": "PO FSE CEUTA"
	},
	{
		"_source": "http://www.empleo.gob.es/uafse/es/beneficiarios/2016-pdf/PO_FSE_CEUTA.pdf",
		"_title": "CEUTA",
		"beneficiary": "CENTRO ASISTENCIA OPERACIONES Y",
		"operation": "Mejorar la empleabilidad de las personas desempleadas",
		"spending": "2.829,65",
		"po_nr": "2007ES051PO007",
		"po_str": "PO FSE CEUTA"
	},
	{
		"_source": "http://www.empleo.gob.es/uafse/es/beneficiarios/2016-pdf/PO_FSE_CEUTA.pdf",
		"_title": "CEUTA",
		"beneficiary": "CENTRO COMERCIAL EMPIRE S.A.",
		"operation": "Promoción del empleo estable y de calidad y difusión de formas Innovadoras de organización \nlaboral",
		"spending": "4.500,00",
		"po_nr": "2007ES051PO007",
		"po_str": "PO FSE CEUTA"
	},
	{
		"_source": "http://www.empleo.gob.es/uafse/es/beneficiarios/2016-pdf/PO_FSE_CEUTA.pdf",
		"_title": "CEUTA",
		"beneficiary": "CENTRO EDUCACION INFANTIL GLOBITOS C.B.",
		"operation": "Promoción del empleo estable y de calidad y difusión de formas Innovadoras de organización \nlaboral",
		"spending": "2.500,00",
		"po_nr": "2007ES051PO007",
		"po_str": "PO FSE CEUTA"
	},
	{
		"_source": "http://www.empleo.gob.es/uafse/es/beneficiarios/2016-pdf/PO_FSE_CEUTA.pdf",
		"_title": "CEUTA",
		"beneficiary": "CENTRO EDUCACION INFATIL GLOBITOS C.B.",
		"operation": "Promoción del empleo estable y de calidad y difusión de formas Innovadoras de organización \nlaboral",
		"spending": "4.500,00",
		"po_nr": "2007ES051PO007",
		"po_str": "PO FSE CEUTA"
	},
	{
		"_source": "http://www.empleo.gob.es/uafse/es/beneficiarios/2016-pdf/PO_FSE_CEUTA.pdf",
		"_title": "CEUTA",
		"beneficiary": "CEUDENT S.L.",
		"operation": "Mejorar la empleabilidad de las personas desempleadas",
		"spending": "4.323,40",
		"po_nr": "2007ES051PO007",
		"po_str": "PO FSE CEUTA"
	},
	{
		"_source": "http://www.empleo.gob.es/uafse/es/beneficiarios/2016-pdf/PO_FSE_CEUTA.pdf",
		"_title": "CEUTA",
		"beneficiary": "CEUDENT S.L.",
		"operation": "Promoción del empleo estable y de calidad y difusión de formas Innovadoras de organización \nlaboral",
		"spending": "2.000,00",
		"po_nr": "2007ES051PO007",
		"po_str": "PO FSE CEUTA"
	},
	{
		"_source": "http://www.empleo.gob.es/uafse/es/beneficiarios/2016-pdf/PO_FSE_CEUTA.pdf",
		"_title": "CEUTA",
		"beneficiary": "CEUIDELH S.L.",
		"operation": "Promoción del empleo estable y de calidad y difusión de formas Innovadoras de organización \nlaboral",
		"spending": "4.500,00",
		"po_nr": "2007ES051PO007",
		"po_str": "PO FSE CEUTA"
	},
	{
		"_source": "http://www.empleo.gob.es/uafse/es/beneficiarios/2016-pdf/PO_FSE_CEUTA.pdf",
		"_title": "CEUTA",
		"beneficiary": "CEUTA ACTUALIDAD S.L.",
		"operation": "Promoción del empleo estable y de calidad y difusión de formas Innovadoras de organización \nlaboral",
		"spending": "3.500,00",
		"po_nr": "2007ES051PO007",
		"po_str": "PO FSE CEUTA"
	},
	{
		"_source": "http://www.empleo.gob.es/uafse/es/beneficiarios/2016-pdf/PO_FSE_CEUTA.pdf",
		"_title": "CEUTA",
		"beneficiary": "CEUTA MATIC S.L.",
		"operation": "Promoción del empleo estable y de calidad y difusión de formas Innovadoras de organización \nlaboral",
		"spending": "2.500,00",
		"po_nr": "2007ES051PO007",
		"po_str": "PO FSE CEUTA"
	},
	{
		"_source": "http://www.empleo.gob.es/uafse/es/beneficiarios/2016-pdf/PO_FSE_CEUTA.pdf",
		"_title": "CEUTA",
		"beneficiary": "CEUTA OFFICE OUTSOURGING S.L.",
		"operation": "Promoción del empleo estable y de calidad y difusión de formas Innovadoras de organización \nlaboral",
		"spending": "4.500,00",
		"po_nr": "2007ES051PO007",
		"po_str": "PO FSE CEUTA"
	},
	{
		"_source": "http://www.empleo.gob.es/uafse/es/beneficiarios/2016-pdf/PO_FSE_CEUTA.pdf",
		"_title": "CEUTA",
		"beneficiary": "CEUTIDELH S.L.",
		"operation": "Promoción del empleo estable y de calidad y difusión de formas Innovadoras de organización \nlaboral",
		"spending": "4.500,00",
		"po_nr": "2007ES051PO007",
		"po_str": "PO FSE CEUTA"
	},
	{
		"_source": "http://www.empleo.gob.es/uafse/es/beneficiarios/2016-pdf/PO_FSE_CEUTA.pdf",
		"_title": "CEUTA",
		"beneficiary": "CHAPELA DISTRIBUCION S.L.",
		"operation": "Promoción del empleo estable y de calidad y difusión de formas Innovadoras de organización \nlaboral",
		"spending": "2.500,00",
		"po_nr": "2007ES051PO007",
		"po_str": "PO FSE CEUTA"
	},
	{
		"_source": "http://www.empleo.gob.es/uafse/es/beneficiarios/2016-pdf/PO_FSE_CEUTA.pdf",
		"_title": "CEUTA",
		"beneficiary": "CHAROL MULTIMARCAS S.L.",
		"operation": "Promoción del empleo estable y de calidad y difusión de formas Innovadoras de organización \nlaboral",
		"spending": "2.508,75",
		"po_nr": "2007ES051PO007",
		"po_str": "PO FSE CEUTA"
	},
	{
		"_source": "http://www.empleo.gob.es/uafse/es/beneficiarios/2016-pdf/PO_FSE_CEUTA.pdf",
		"_title": "CEUTA",
		"beneficiary": "CLAVE DENTAL S.L.",
		"operation": "Promoción del empleo estable y de calidad y difusión de formas Innovadoras de organización \nlaboral",
		"spending": "9.000,00",
		"po_nr": "2007ES051PO007",
		"po_str": "PO FSE CEUTA"
	},
	{
		"_source": "http://www.empleo.gob.es/uafse/es/beneficiarios/2016-pdf/PO_FSE_CEUTA.pdf",
		"_title": "CEUTA",
		"beneficiary": "CLINICA DENTAL CEUDENT S.L.",
		"operation": "Promoción del empleo estable y de calidad y difusión de formas Innovadoras de organización \nlaboral",
		"spending": "1.250,00",
		"po_nr": "2007ES051PO007",
		"po_str": "PO FSE CEUTA"
	},
	{
		"_source": "http://www.empleo.gob.es/uafse/es/beneficiarios/2016-pdf/PO_FSE_CEUTA.pdf",
		"_title": "CEUTA",
		"beneficiary": "COACHINGDECISION S.L.",
		"operation": "Promoción del empleo estable y de calidad y difusión de formas Innovadoras de organización \nlaboral",
		"spending": "4.500,00",
		"po_nr": "2007ES051PO007",
		"po_str": "PO FSE CEUTA"
	},
	{
		"_source": "http://www.empleo.gob.es/uafse/es/beneficiarios/2016-pdf/PO_FSE_CEUTA.pdf",
		"_title": "CEUTA",
		"beneficiary": "COMERCIAL PARIS CEUTA S.L.",
		"operation": "Promoción del empleo estable y de calidad y difusión de formas Innovadoras de organización \nlaboral",
		"spending": "3.000,00",
		"po_nr": "2007ES051PO007",
		"po_str": "PO FSE CEUTA"
	},
	{
		"_source": "http://www.empleo.gob.es/uafse/es/beneficiarios/2016-pdf/PO_FSE_CEUTA.pdf",
		"_title": "CEUTA",
		"beneficiary": "CONFEDERACION EMPRESARIOS CEUTA",
		"operation": "Promoción del empleo estable y de calidad y difusión de formas Innovadoras de organización \nlaboral",
		"spending": "2.500,00",
		"po_nr": "2007ES051PO007",
		"po_str": "PO FSE CEUTA"
	},
	{
		"_source": "http://www.empleo.gob.es/uafse/es/beneficiarios/2016-pdf/PO_FSE_CEUTA.pdf",
		"_title": "CEUTA",
		"beneficiary": "CONGELADOS SUPERFRIO S.L.",
		"operation": "Promoción del empleo estable y de calidad y difusión de formas Innovadoras de organización \nlaboral",
		"spending": "4.500,00",
		"po_nr": "2007ES051PO007",
		"po_str": "PO FSE CEUTA"
	},
	{
		"_source": "http://www.empleo.gob.es/uafse/es/beneficiarios/2016-pdf/PO_FSE_CEUTA.pdf",
		"_title": "CEUTA",
		"beneficiary": "CONSEJERÍA ECONOMÍA Y EMPLEO",
		"operation": "Favorecer la conciliación entre la vida laboral y personal y Impulsar la igualdad de \noportunidades",
		"spending": "3.110,00",
		"po_nr": "2007ES051PO007",
		"po_str": "PO FSE CEUTA"
	},
	{
		"_source": "http://www.empleo.gob.es/uafse/es/beneficiarios/2016-pdf/PO_FSE_CEUTA.pdf",
		"_title": "CEUTA",
		"beneficiary": "CONSEJERÍA ECONOMÍA Y EMPLEO",
		"operation": "Fomentar el apoyo al trabajo por cuenta propia y la creación de empresas",
		"spending": "1.531.632,61",
		"po_nr": "2007ES051PO007",
		"po_str": "PO FSE CEUTA"
	},
	{
		"_source": "http://www.empleo.gob.es/uafse/es/beneficiarios/2016-pdf/PO_FSE_CEUTA.pdf",
		"_title": "CEUTA",
		"beneficiary": "CONSEJERÍA ECONOMÍA Y EMPLEO",
		"operation": "Mejorar la empleabilidad de las personas desempleadas",
		"spending": "135.062,95",
		"po_nr": "2007ES051PO007",
		"po_str": "PO FSE CEUTA"
	},
	{
		"_source": "http://www.empleo.gob.es/uafse/es/beneficiarios/2016-pdf/PO_FSE_CEUTA.pdf",
		"_title": "CEUTA",
		"beneficiary": "CONSEJERÍA ECONOMÍA Y EMPLEO",
		"operation": "Promoción del empleo estable y de calidad y difusión de formas Innovadoras de organización \nlaboral",
		"spending": "611.266,57",
		"po_nr": "2007ES051PO007",
		"po_str": "PO FSE CEUTA"
	},
	{
		"_source": "http://www.empleo.gob.es/uafse/es/beneficiarios/2016-pdf/PO_FSE_CEUTA.pdf",
		"_title": "CEUTA",
		"beneficiary": "CONSEJERÍA ECONOMÍA Y EMPLEO",
		"operation": "Proponer oportunidades de integración social y laboral a las personas con discapacidad y en \nriesgo de exclusión",
		"spending": "90.802,07",
		"po_nr": "2007ES051PO007",
		"po_str": "PO FSE CEUTA"
	},
	{
		"_source": "http://www.empleo.gob.es/uafse/es/beneficiarios/2016-pdf/PO_FSE_CEUTA.pdf",
		"_title": "CEUTA",
		"beneficiary": "CONSELECMA CEUTA S.L.",
		"operation": "Mejorar la empleabilidad de las personas desempleadas",
		"spending": "5.268,33",
		"po_nr": "2007ES051PO007",
		"po_str": "PO FSE CEUTA"
	},
	{
		"_source": "http://www.empleo.gob.es/uafse/es/beneficiarios/2016-pdf/PO_FSE_CEUTA.pdf",
		"_title": "CEUTA",
		"beneficiary": "CONSELECMA CEUTA S.L.",
		"operation": "Promoción del empleo estable y de calidad y difusión de formas Innovadoras de organización \nlaboral",
		"spending": "4.500,00",
		"po_nr": "2007ES051PO007",
		"po_str": "PO FSE CEUTA"
	},
	{
		"_source": "http://www.empleo.gob.es/uafse/es/beneficiarios/2016-pdf/PO_FSE_CEUTA.pdf",
		"_title": "CEUTA",
		"beneficiary": "CREDDO IMPORTACIONES S.L.",
		"operation": "Promoción del empleo estable y de calidad y difusión de formas Innovadoras de organización \nlaboral",
		"spending": "4.500,00",
		"po_nr": "2007ES051PO007",
		"po_str": "PO FSE CEUTA"
	},
	{
		"_source": "http://www.empleo.gob.es/uafse/es/beneficiarios/2016-pdf/PO_FSE_CEUTA.pdf",
		"_title": "CEUTA",
		"beneficiary": "DAGAMAR SAN LUCAR S.L.",
		"operation": "Mejorar la empleabilidad de las personas desempleadas",
		"spending": "10.963,09",
		"po_nr": "2007ES051PO007",
		"po_str": "PO FSE CEUTA"
	},
	{
		"_source": "http://www.empleo.gob.es/uafse/es/beneficiarios/2016-pdf/PO_FSE_CEUTA.pdf",
		"_title": "CEUTA",
		"beneficiary": "DAGAMAR SANLUCAR S.L.",
		"operation": "Mejorar la empleabilidad de las personas desempleadas",
		"spending": "64.036,91",
		"po_nr": "2007ES051PO007",
		"po_str": "PO FSE CEUTA"
	},
	{
		"_source": "http://www.empleo.gob.es/uafse/es/beneficiarios/2016-pdf/PO_FSE_CEUTA.pdf",
		"_title": "CEUTA",
		"beneficiary": "DE RE VITIS S.L.",
		"operation": "Promoción del empleo estable y de calidad y difusión de formas Innovadoras de organización \nlaboral",
		"spending": "2.250,00",
		"po_nr": "2007ES051PO007",
		"po_str": "PO FSE CEUTA"
	},
	{
		"_source": "http://www.empleo.gob.es/uafse/es/beneficiarios/2016-pdf/PO_FSE_CEUTA.pdf",
		"_title": "CEUTA",
		"beneficiary": "DELTA UNIVERSAL S.L.",
		"operation": "Mejorar la empleabilidad de las personas desempleadas",
		"spending": "3.000,00",
		"po_nr": "2007ES051PO007",
		"po_str": "PO FSE CEUTA"
	},
	{
		"_source": "http://www.empleo.gob.es/uafse/es/beneficiarios/2016-pdf/PO_FSE_CEUTA.pdf",
		"_title": "CEUTA",
		"beneficiary": "DERMIESTETICA Y SALUD S.L.",
		"operation": "Promoción del empleo estable y de calidad y difusión de formas Innovadoras de organización \nlaboral",
		"spending": "4.500,00",
		"po_nr": "2007ES051PO007",
		"po_str": "PO FSE CEUTA"
	},
	{
		"_source": "http://www.empleo.gob.es/uafse/es/beneficiarios/2016-pdf/PO_FSE_CEUTA.pdf",
		"_title": "CEUTA",
		"beneficiary": "DESPACHO PROCURADORES RUIZ-ROMAN",
		"operation": "Promoción del empleo estable y de calidad y difusión de formas Innovadoras de organización \nlaboral",
		"spending": "3.500,00",
		"po_nr": "2007ES051PO007",
		"po_str": "PO FSE CEUTA"
	},
	{
		"_source": "http://www.empleo.gob.es/uafse/es/beneficiarios/2016-pdf/PO_FSE_CEUTA.pdf",
		"_title": "CEUTA",
		"beneficiary": "DISTRIBUIDORA ALIMENTARIA CEUTI S.L.",
		"operation": "Promoción del empleo estable y de calidad y difusión de formas Innovadoras de organización \nlaboral",
		"spending": "53.500,00",
		"po_nr": "2007ES051PO007",
		"po_str": "PO FSE CEUTA"
	},
	{
		"_source": "http://www.empleo.gob.es/uafse/es/beneficiarios/2016-pdf/PO_FSE_CEUTA.pdf",
		"_title": "CEUTA",
		"beneficiary": "DONMAR GLOBAL COMPANY S.L.",
		"operation": "Promoción del empleo estable y de calidad y difusión de formas Innovadoras de organización \nlaboral",
		"spending": "2.500,00",
		"po_nr": "2007ES051PO007",
		"po_str": "PO FSE CEUTA"
	},
	{
		"_source": "http://www.empleo.gob.es/uafse/es/beneficiarios/2016-pdf/PO_FSE_CEUTA.pdf",
		"_title": "CEUTA",
		"beneficiary": "DUARTE ASESORES SEGUROS S.L.",
		"operation": "Promoción del empleo estable y de calidad y difusión de formas Innovadoras de organización \nlaboral",
		"spending": "4.500,00",
		"po_nr": "2007ES051PO007",
		"po_str": "PO FSE CEUTA"
	},
	{
		"_source": "http://www.empleo.gob.es/uafse/es/beneficiarios/2016-pdf/PO_FSE_CEUTA.pdf",
		"_title": "CEUTA",
		"beneficiary": "DUARTE SERGUROS S.L.",
		"operation": "Mejorar la empleabilidad de las personas desempleadas",
		"spending": "2.354,20",
		"po_nr": "2007ES051PO007",
		"po_str": "PO FSE CEUTA"
	},
	{
		"_source": "http://www.empleo.gob.es/uafse/es/beneficiarios/2016-pdf/PO_FSE_CEUTA.pdf",
		"_title": "CEUTA",
		"beneficiary": "EAST WEST IBERICA S.L.",
		"operation": "Promoción del empleo estable y de calidad y difusión de formas Innovadoras de organización \nlaboral",
		"spending": "2.500,00",
		"po_nr": "2007ES051PO007",
		"po_str": "PO FSE CEUTA"
	},
	{
		"_source": "http://www.empleo.gob.es/uafse/es/beneficiarios/2016-pdf/PO_FSE_CEUTA.pdf",
		"_title": "CEUTA",
		"beneficiary": "EDICIONES CEITIL S.L.",
		"operation": "Promoción del empleo estable y de calidad y difusión de formas Innovadoras de organización \nlaboral",
		"spending": "2.500,00",
		"po_nr": "2007ES051PO007",
		"po_str": "PO FSE CEUTA"
	},
	{
		"_source": "http://www.empleo.gob.es/uafse/es/beneficiarios/2016-pdf/PO_FSE_CEUTA.pdf",
		"_title": "CEUTA",
		"beneficiary": "EL BUEN CAFE DE CEUTA S.C.",
		"operation": "Promoción del empleo estable y de calidad y difusión de formas Innovadoras de organización \nlaboral",
		"spending": "5.250,00",
		"po_nr": "2007ES051PO007",
		"po_str": "PO FSE CEUTA"
	},
	{
		"_source": "http://www.empleo.gob.es/uafse/es/beneficiarios/2016-pdf/PO_FSE_CEUTA.pdf",
		"_title": "CEUTA",
		"beneficiary": "ELECTRONICA VALERO S.L.",
		"operation": "Promoción del empleo estable y de calidad y difusión de formas Innovadoras de organización \nlaboral",
		"spending": "2.500,00",
		"po_nr": "2007ES051PO007",
		"po_str": "PO FSE CEUTA"
	},
	{
		"_source": "http://www.empleo.gob.es/uafse/es/beneficiarios/2016-pdf/PO_FSE_CEUTA.pdf",
		"_title": "CEUTA",
		"beneficiary": "EMBASAYS C.B.",
		"operation": "Promoción del empleo estable y de calidad y difusión de formas Innovadoras de organización \nlaboral",
		"spending": "3.750,00",
		"po_nr": "2007ES051PO007",
		"po_str": "PO FSE CEUTA"
	},
	{
		"_source": "http://www.empleo.gob.es/uafse/es/beneficiarios/2016-pdf/PO_FSE_CEUTA.pdf",
		"_title": "CEUTA",
		"beneficiary": "EMPIEM SPORT S.L",
		"operation": "Promoción del empleo estable y de calidad y difusión de formas Innovadoras de organización \nlaboral",
		"spending": "3.500,00",
		"po_nr": "2007ES051PO007",
		"po_str": "PO FSE CEUTA"
	},
	{
		"_source": "http://www.empleo.gob.es/uafse/es/beneficiarios/2016-pdf/PO_FSE_CEUTA.pdf",
		"_title": "CEUTA",
		"beneficiary": "ETEMI SOLUCIONES S.L.",
		"operation": "Mejorar la empleabilidad de las personas desempleadas",
		"spending": "2.500,00",
		"po_nr": "2007ES051PO007",
		"po_str": "PO FSE CEUTA"
	},
	{
		"_source": "http://www.empleo.gob.es/uafse/es/beneficiarios/2016-pdf/PO_FSE_CEUTA.pdf",
		"_title": "CEUTA",
		"beneficiary": "ETEMI SOLUCIONES S.L.",
		"operation": "Promoción del empleo estable y de calidad y difusión de formas Innovadoras de organización \nlaboral",
		"spending": "4.500,00",
		"po_nr": "2007ES051PO007",
		"po_str": "PO FSE CEUTA"
	},
	{
		"_source": "http://www.empleo.gob.es/uafse/es/beneficiarios/2016-pdf/PO_FSE_CEUTA.pdf",
		"_title": "CEUTA",
		"beneficiary": "FERRETERIA DONCEL S.L.",
		"operation": "Promoción del empleo estable y de calidad y difusión de formas Innovadoras de organización \nlaboral",
		"spending": "6.750,00",
		"po_nr": "2007ES051PO007",
		"po_str": "PO FSE CEUTA"
	},
	{
		"_source": "http://www.empleo.gob.es/uafse/es/beneficiarios/2016-pdf/PO_FSE_CEUTA.pdf",
		"_title": "CEUTA",
		"beneficiary": "FIGUEROA Y SOTO ASESORES S.L.",
		"operation": "Promoción del empleo estable y de calidad y difusión de formas Innovadoras de organización \nlaboral",
		"spending": "1.562,50",
		"po_nr": "2007ES051PO007",
		"po_str": "PO FSE CEUTA"
	},
	{
		"_source": "http://www.empleo.gob.es/uafse/es/beneficiarios/2016-pdf/PO_FSE_CEUTA.pdf",
		"_title": "CEUTA",
		"beneficiary": "FIGUEROA Y SOTO S.L.",
		"operation": "Mejorar la empleabilidad de las personas desempleadas",
		"spending": "1.240,00",
		"po_nr": "2007ES051PO007",
		"po_str": "PO FSE CEUTA"
	},
	{
		"_source": "http://www.empleo.gob.es/uafse/es/beneficiarios/2016-pdf/PO_FSE_CEUTA.pdf",
		"_title": "CEUTA",
		"beneficiary": "FINANCIA CEUTA S.L.",
		"operation": "Promoción del empleo estable y de calidad y difusión de formas Innovadoras de organización \nlaboral",
		"spending": "1.250,00",
		"po_nr": "2007ES051PO007",
		"po_str": "PO FSE CEUTA"
	},
	{
		"_source": "http://www.empleo.gob.es/uafse/es/beneficiarios/2016-pdf/PO_FSE_CEUTA.pdf",
		"_title": "CEUTA",
		"beneficiary": "FREDENT CLINICAS DENTALES S.L.",
		"operation": "Promoción del empleo estable y de calidad y difusión de formas Innovadoras de organización \nlaboral",
		"spending": "3.500,00",
		"po_nr": "2007ES051PO007",
		"po_str": "PO FSE CEUTA"
	},
	{
		"_source": "http://www.empleo.gob.es/uafse/es/beneficiarios/2016-pdf/PO_FSE_CEUTA.pdf",
		"_title": "CEUTA",
		"beneficiary": "FREE CEUTA S.L.",
		"operation": "Promoción del empleo estable y de calidad y difusión de formas Innovadoras de organización \nlaboral",
		"spending": "19.250,00",
		"po_nr": "2007ES051PO007",
		"po_str": "PO FSE CEUTA"
	},
	{
		"_source": "http://www.empleo.gob.es/uafse/es/beneficiarios/2016-pdf/PO_FSE_CEUTA.pdf",
		"_title": "CEUTA",
		"beneficiary": "FREEDENT CLINICAS DENTALES S.L.",
		"operation": "Promoción del empleo estable y de calidad y difusión de formas Innovadoras de organización \nlaboral",
		"spending": "7.000,00",
		"po_nr": "2007ES051PO007",
		"po_str": "PO FSE CEUTA"
	},
	{
		"_source": "http://www.empleo.gob.es/uafse/es/beneficiarios/2016-pdf/PO_FSE_CEUTA.pdf",
		"_title": "CEUTA",
		"beneficiary": "GABINETE M. JARAMILLO C.B.",
		"operation": "Promoción del empleo estable y de calidad y difusión de formas Innovadoras de organización \nlaboral",
		"spending": "1.500,00",
		"po_nr": "2007ES051PO007",
		"po_str": "PO FSE CEUTA"
	},
	{
		"_source": "http://www.empleo.gob.es/uafse/es/beneficiarios/2016-pdf/PO_FSE_CEUTA.pdf",
		"_title": "CEUTA",
		"beneficiary": "GAMERO Y FERRER S.L.",
		"operation": "Promoción del empleo estable y de calidad y difusión de formas Innovadoras de organización \nlaboral",
		"spending": "7.000,00",
		"po_nr": "2007ES051PO007",
		"po_str": "PO FSE CEUTA"
	},
	{
		"_source": "http://www.empleo.gob.es/uafse/es/beneficiarios/2016-pdf/PO_FSE_CEUTA.pdf",
		"_title": "CEUTA",
		"beneficiary": "GEOTECNICA MEDIOAMBIENTE CEUTA",
		"operation": "Promoción del empleo estable y de calidad y difusión de formas Innovadoras de organización \nlaboral",
		"spending": "2.500,00",
		"po_nr": "2007ES051PO007",
		"po_str": "PO FSE CEUTA"
	},
	{
		"_source": "http://www.empleo.gob.es/uafse/es/beneficiarios/2016-pdf/PO_FSE_CEUTA.pdf",
		"_title": "CEUTA",
		"beneficiary": "GLOBAL CONCEPT LOGISTICS S.L.",
		"operation": "Promoción del empleo estable y de calidad y difusión de formas Innovadoras de organización \nlaboral",
		"spending": "2.500,00",
		"po_nr": "2007ES051PO007",
		"po_str": "PO FSE CEUTA"
	},
	{
		"_source": "http://www.empleo.gob.es/uafse/es/beneficiarios/2016-pdf/PO_FSE_CEUTA.pdf",
		"_title": "CEUTA",
		"beneficiary": "GOROSTIZA DIAZ CRESPO S.L.",
		"operation": "Promoción del empleo estable y de calidad y difusión de formas Innovadoras de organización \nlaboral",
		"spending": "20.563,00",
		"po_nr": "2007ES051PO007",
		"po_str": "PO FSE CEUTA"
	},
	{
		"_source": "http://www.empleo.gob.es/uafse/es/beneficiarios/2016-pdf/PO_FSE_CEUTA.pdf",
		"_title": "CEUTA",
		"beneficiary": "GRUAS ORDOÑEZ S.L.",
		"operation": "Promoción del empleo estable y de calidad y difusión de formas Innovadoras de organización \nlaboral",
		"spending": "3.500,00",
		"po_nr": "2007ES051PO007",
		"po_str": "PO FSE CEUTA"
	},
	{
		"_source": "http://www.empleo.gob.es/uafse/es/beneficiarios/2016-pdf/PO_FSE_CEUTA.pdf",
		"_title": "CEUTA",
		"beneficiary": "GUARDERIA WENDY CEUTA S.L.",
		"operation": "Fomentar el apoyo al trabajo por cuenta propia y la creación de empresas",
		"spending": "15.000,00",
		"po_nr": "2007ES051PO007",
		"po_str": "PO FSE CEUTA"
	},
	{
		"_source": "http://www.empleo.gob.es/uafse/es/beneficiarios/2016-pdf/PO_FSE_CEUTA.pdf",
		"_title": "CEUTA",
		"beneficiary": "GUARDERIA WENDY CEUTA S.L.",
		"operation": "Mejorar la empleabilidad de las personas desempleadas",
		"spending": "1.375,84",
		"po_nr": "2007ES051PO007",
		"po_str": "PO FSE CEUTA"
	},
	{
		"_source": "http://www.empleo.gob.es/uafse/es/beneficiarios/2016-pdf/PO_FSE_CEUTA.pdf",
		"_title": "CEUTA",
		"beneficiary": "GUARDERIA WENDY S.L.",
		"operation": "Mejorar la empleabilidad de las personas desempleadas",
		"spending": "1.250,00",
		"po_nr": "2007ES051PO007",
		"po_str": "PO FSE CEUTA"
	},
	{
		"_source": "http://www.empleo.gob.es/uafse/es/beneficiarios/2016-pdf/PO_FSE_CEUTA.pdf",
		"_title": "CEUTA",
		"beneficiary": "GVESTA SOCIEDAD PROMOTORA S.L.",
		"operation": "Promoción del empleo estable y de calidad y difusión de formas Innovadoras de organización \nlaboral",
		"spending": "3.000,00",
		"po_nr": "2007ES051PO007",
		"po_str": "PO FSE CEUTA"
	},
	{
		"_source": "http://www.empleo.gob.es/uafse/es/beneficiarios/2016-pdf/PO_FSE_CEUTA.pdf",
		"_title": "CEUTA",
		"beneficiary": "GYM NOLA SPORT S.L.",
		"operation": "Promoción del empleo estable y de calidad y difusión de formas Innovadoras de organización \nlaboral",
		"spending": "4.500,00",
		"po_nr": "2007ES051PO007",
		"po_str": "PO FSE CEUTA"
	},
	{
		"_source": "http://www.empleo.gob.es/uafse/es/beneficiarios/2016-pdf/PO_FSE_CEUTA.pdf",
		"_title": "CEUTA",
		"beneficiary": "HEREDEROS DE MIGUEL JIMENA S.L.",
		"operation": "Promoción del empleo estable y de calidad y difusión de formas Innovadoras de organización \nlaboral",
		"spending": "4.500,00",
		"po_nr": "2007ES051PO007",
		"po_str": "PO FSE CEUTA"
	},
	{
		"_source": "http://www.empleo.gob.es/uafse/es/beneficiarios/2016-pdf/PO_FSE_CEUTA.pdf",
		"_title": "CEUTA",
		"beneficiary": "HERMANOS GOMEZ DUZMAN S.L.",
		"operation": "Promoción del empleo estable y de calidad y difusión de formas Innovadoras de organización \nlaboral",
		"spending": "9.000,00",
		"po_nr": "2007ES051PO007",
		"po_str": "PO FSE CEUTA"
	},
	{
		"_source": "http://www.empleo.gob.es/uafse/es/beneficiarios/2016-pdf/PO_FSE_CEUTA.pdf",
		"_title": "CEUTA",
		"beneficiary": "HERMES PERSONAL TRAINERS S.L.U.",
		"operation": "Fomentar el apoyo al trabajo por cuenta propia y la creación de empresas",
		"spending": "17.500,00",
		"po_nr": "2007ES051PO007",
		"po_str": "PO FSE CEUTA"
	},
	{
		"_source": "http://www.empleo.gob.es/uafse/es/beneficiarios/2016-pdf/PO_FSE_CEUTA.pdf",
		"_title": "CEUTA",
		"beneficiary": "HERMES PERSONAL TRAINERS S.L.U.",
		"operation": "Promoción del empleo estable y de calidad y difusión de formas Innovadoras de organización \nlaboral",
		"spending": "4.500,00",
		"po_nr": "2007ES051PO007",
		"po_str": "PO FSE CEUTA"
	},
	{
		"_source": "http://www.empleo.gob.es/uafse/es/beneficiarios/2016-pdf/PO_FSE_CEUTA.pdf",
		"_title": "CEUTA",
		"beneficiary": "HORACIO TABOADA S.A.",
		"operation": "Proponer oportunidades de integración social y laboral a las personas con discapacidad y en \nriesgo de exclusión",
		"spending": "4.500,00",
		"po_nr": "2007ES051PO007",
		"po_str": "PO FSE CEUTA"
	},
	{
		"_source": "http://www.empleo.gob.es/uafse/es/beneficiarios/2016-pdf/PO_FSE_CEUTA.pdf",
		"_title": "CEUTA",
		"beneficiary": "IDALO CEUTA S.L.",
		"operation": "Promoción del empleo estable y de calidad y difusión de formas Innovadoras de organización \nlaboral",
		"spending": "625,00",
		"po_nr": "2007ES051PO007",
		"po_str": "PO FSE CEUTA"
	},
	{
		"_source": "http://www.empleo.gob.es/uafse/es/beneficiarios/2016-pdf/PO_FSE_CEUTA.pdf",
		"_title": "CEUTA",
		"beneficiary": "IMAGINA-2 S.C.",
		"operation": "Promoción del empleo estable y de calidad y difusión de formas Innovadoras de organización \nlaboral",
		"spending": "4.500,00",
		"po_nr": "2007ES051PO007",
		"po_str": "PO FSE CEUTA"
	},
	{
		"_source": "http://www.empleo.gob.es/uafse/es/beneficiarios/2016-pdf/PO_FSE_CEUTA.pdf",
		"_title": "CEUTA",
		"beneficiary": "IMPRESOS GUNITADOS S.L.",
		"operation": "Promoción del empleo estable y de calidad y difusión de formas Innovadoras de organización \nlaboral",
		"spending": "2.250,00",
		"po_nr": "2007ES051PO007",
		"po_str": "PO FSE CEUTA"
	},
	{
		"_source": "http://www.empleo.gob.es/uafse/es/beneficiarios/2016-pdf/PO_FSE_CEUTA.pdf",
		"_title": "CEUTA",
		"beneficiary": "INFOCOM S.L.",
		"operation": "Promoción del empleo estable y de calidad y difusión de formas Innovadoras de organización \nlaboral",
		"spending": "2.500,00",
		"po_nr": "2007ES051PO007",
		"po_str": "PO FSE CEUTA"
	},
	{
		"_source": "http://www.empleo.gob.es/uafse/es/beneficiarios/2016-pdf/PO_FSE_CEUTA.pdf",
		"_title": "CEUTA",
		"beneficiary": "INGENIERIA ARQUITECTURA S.C.P.",
		"operation": "Fomentar el apoyo al trabajo por cuenta propia y la creación de empresas",
		"spending": "7.112,61",
		"po_nr": "2007ES051PO007",
		"po_str": "PO FSE CEUTA"
	},
	{
		"_source": "http://www.empleo.gob.es/uafse/es/beneficiarios/2016-pdf/PO_FSE_CEUTA.pdf",
		"_title": "CEUTA",
		"beneficiary": "INSTITUTO ESTETICO LASER S.L.",
		"operation": "Promoción del empleo estable y de calidad y difusión de formas Innovadoras de organización \nlaboral",
		"spending": "22.500,00",
		"po_nr": "2007ES051PO007",
		"po_str": "PO FSE CEUTA"
	},
	{
		"_source": "http://www.empleo.gob.es/uafse/es/beneficiarios/2016-pdf/PO_FSE_CEUTA.pdf",
		"_title": "CEUTA",
		"beneficiary": "INTERGESTION S.L.",
		"operation": "Promoción del empleo estable y de calidad y difusión de formas Innovadoras de organización \nlaboral",
		"spending": "3.500,00",
		"po_nr": "2007ES051PO007",
		"po_str": "PO FSE CEUTA"
	},
	{
		"_source": "http://www.empleo.gob.es/uafse/es/beneficiarios/2016-pdf/PO_FSE_CEUTA.pdf",
		"_title": "CEUTA",
		"beneficiary": "INTERIORES CEUTA S.L.",
		"operation": "Proponer oportunidades de integración social y laboral a las personas con discapacidad y en \nriesgo de exclusión",
		"spending": "17.000,00",
		"po_nr": "2007ES051PO007",
		"po_str": "PO FSE CEUTA"
	},
	{
		"_source": "http://www.empleo.gob.es/uafse/es/beneficiarios/2016-pdf/PO_FSE_CEUTA.pdf",
		"_title": "CEUTA",
		"beneficiary": "INTERSERVICIOS S.L.",
		"operation": "Promoción del empleo estable y de calidad y difusión de formas Innovadoras de organización \nlaboral",
		"spending": "5.500,00",
		"po_nr": "2007ES051PO007",
		"po_str": "PO FSE CEUTA"
	},
	{
		"_source": "http://www.empleo.gob.es/uafse/es/beneficiarios/2016-pdf/PO_FSE_CEUTA.pdf",
		"_title": "CEUTA",
		"beneficiary": "INTESERVICIOS S.L.",
		"operation": "Promoción del empleo estable y de calidad y difusión de formas Innovadoras de organización \nlaboral",
		"spending": "2.500,00",
		"po_nr": "2007ES051PO007",
		"po_str": "PO FSE CEUTA"
	},
	{
		"_source": "http://www.empleo.gob.es/uafse/es/beneficiarios/2016-pdf/PO_FSE_CEUTA.pdf",
		"_title": "CEUTA",
		"beneficiary": "JOSANTOS INMOBILIARIA S.L.",
		"operation": "Promoción del empleo estable y de calidad y difusión de formas Innovadoras de organización \nlaboral",
		"spending": "4.500,00",
		"po_nr": "2007ES051PO007",
		"po_str": "PO FSE CEUTA"
	},
	{
		"_source": "http://www.empleo.gob.es/uafse/es/beneficiarios/2016-pdf/PO_FSE_CEUTA.pdf",
		"_title": "CEUTA",
		"beneficiary": "JOSE SALAMA & CIA S.L.",
		"operation": "Promoción del empleo estable y de calidad y difusión de formas Innovadoras de organización \nlaboral",
		"spending": "7.000,00",
		"po_nr": "2007ES051PO007",
		"po_str": "PO FSE CEUTA"
	},
	{
		"_source": "http://www.empleo.gob.es/uafse/es/beneficiarios/2016-pdf/PO_FSE_CEUTA.pdf",
		"_title": "CEUTA",
		"beneficiary": "JUCARO C.B.",
		"operation": "Promoción del empleo estable y de calidad y difusión de formas Innovadoras de organización \nlaboral",
		"spending": "5.000,00",
		"po_nr": "2007ES051PO007",
		"po_str": "PO FSE CEUTA"
	},
	{
		"_source": "http://www.empleo.gob.es/uafse/es/beneficiarios/2016-pdf/PO_FSE_CEUTA.pdf",
		"_title": "CEUTA",
		"beneficiary": "KAYSIYDRI S.L.",
		"operation": "Promoción del empleo estable y de calidad y difusión de formas Innovadoras de organización \nlaboral",
		"spending": "9.000,00",
		"po_nr": "2007ES051PO007",
		"po_str": "PO FSE CEUTA"
	},
	{
		"_source": "http://www.empleo.gob.es/uafse/es/beneficiarios/2016-pdf/PO_FSE_CEUTA.pdf",
		"_title": "CEUTA",
		"beneficiary": "KIDS BRAINS S.L.",
		"operation": "Mejorar la empleabilidad de las personas desempleadas",
		"spending": "5.475,00",
		"po_nr": "2007ES051PO007",
		"po_str": "PO FSE CEUTA"
	},
	{
		"_source": "http://www.empleo.gob.es/uafse/es/beneficiarios/2016-pdf/PO_FSE_CEUTA.pdf",
		"_title": "CEUTA",
		"beneficiary": "LA ALMENA C.B.",
		"operation": "Mejorar la empleabilidad de las personas desempleadas",
		"spending": "2.500,00",
		"po_nr": "2007ES051PO007",
		"po_str": "PO FSE CEUTA"
	},
	{
		"_source": "http://www.empleo.gob.es/uafse/es/beneficiarios/2016-pdf/PO_FSE_CEUTA.pdf",
		"_title": "CEUTA",
		"beneficiary": "LA ALMENA CEUTA C.B.",
		"operation": "Mejorar la empleabilidad de las personas desempleadas",
		"spending": "3.000,00",
		"po_nr": "2007ES051PO007",
		"po_str": "PO FSE CEUTA"
	},
	{
		"_source": "http://www.empleo.gob.es/uafse/es/beneficiarios/2016-pdf/PO_FSE_CEUTA.pdf",
		"_title": "CEUTA",
		"beneficiary": "LA ALMENA CEUTA C.B.",
		"operation": "Promoción del empleo estable y de calidad y difusión de formas Innovadoras de organización \nlaboral",
		"spending": "2.500,00",
		"po_nr": "2007ES051PO007",
		"po_str": "PO FSE CEUTA"
	},
	{
		"_source": "http://www.empleo.gob.es/uafse/es/beneficiarios/2016-pdf/PO_FSE_CEUTA.pdf",
		"_title": "CEUTA",
		"beneficiary": "LA BODEGA PRODUCTOS EXCLUSIVOS S.L.",
		"operation": "Promoción del empleo estable y de calidad y difusión de formas Innovadoras de organización \nlaboral",
		"spending": "4.500,00",
		"po_nr": "2007ES051PO007",
		"po_str": "PO FSE CEUTA"
	},
	{
		"_source": "http://www.empleo.gob.es/uafse/es/beneficiarios/2016-pdf/PO_FSE_CEUTA.pdf",
		"_title": "CEUTA",
		"beneficiary": "LA BRASERIA CEUTA C.B.",
		"operation": "Mejorar la empleabilidad de las personas desempleadas",
		"spending": "5.000,00",
		"po_nr": "2007ES051PO007",
		"po_str": "PO FSE CEUTA"
	},
	{
		"_source": "http://www.empleo.gob.es/uafse/es/beneficiarios/2016-pdf/PO_FSE_CEUTA.pdf",
		"_title": "CEUTA",
		"beneficiary": "LA VAQUITA CEUTA",
		"operation": "Promoción del empleo estable y de calidad y difusión de formas Innovadoras de organización \nlaboral",
		"spending": "9.000,00",
		"po_nr": "2007ES051PO007",
		"po_str": "PO FSE CEUTA"
	},
	{
		"_source": "http://www.empleo.gob.es/uafse/es/beneficiarios/2016-pdf/PO_FSE_CEUTA.pdf",
		"_title": "CEUTA",
		"beneficiary": "LA VAQUITA S.C.",
		"operation": "Promoción del empleo estable y de calidad y difusión de formas Innovadoras de organización \nlaboral",
		"spending": "13.500,00",
		"po_nr": "2007ES051PO007",
		"po_str": "PO FSE CEUTA"
	},
	{
		"_source": "http://www.empleo.gob.es/uafse/es/beneficiarios/2016-pdf/PO_FSE_CEUTA.pdf",
		"_title": "CEUTA",
		"beneficiary": "LABORATORIO Y CONTROL CALIDAD CEUTA",
		"operation": "Promoción del empleo estable y de calidad y difusión de formas Innovadoras de organización \nlaboral",
		"spending": "4.500,00",
		"po_nr": "2007ES051PO007",
		"po_str": "PO FSE CEUTA"
	},
	{
		"_source": "http://www.empleo.gob.es/uafse/es/beneficiarios/2016-pdf/PO_FSE_CEUTA.pdf",
		"_title": "CEUTA",
		"beneficiary": "LADA RAMOS DECORA S.L.",
		"operation": "Promoción del empleo estable y de calidad y difusión de formas Innovadoras de organización \nlaboral",
		"spending": "2.500,00",
		"po_nr": "2007ES051PO007",
		"po_str": "PO FSE CEUTA"
	},
	{
		"_source": "http://www.empleo.gob.es/uafse/es/beneficiarios/2016-pdf/PO_FSE_CEUTA.pdf",
		"_title": "CEUTA",
		"beneficiary": "LASER VISION CEUTA S.L.",
		"operation": "Promoción del empleo estable y de calidad y difusión de formas Innovadoras de organización \nlaboral",
		"spending": "25.000,00",
		"po_nr": "2007ES051PO007",
		"po_str": "PO FSE CEUTA"
	},
	{
		"_source": "http://www.empleo.gob.es/uafse/es/beneficiarios/2016-pdf/PO_FSE_CEUTA.pdf",
		"_title": "CEUTA",
		"beneficiary": "LISAN C.B.",
		"operation": "Promoción del empleo estable y de calidad y difusión de formas Innovadoras de organización \nlaboral",
		"spending": "16.200,00",
		"po_nr": "2007ES051PO007",
		"po_str": "PO FSE CEUTA"
	},
	{
		"_source": "http://www.empleo.gob.es/uafse/es/beneficiarios/2016-pdf/PO_FSE_CEUTA.pdf",
		"_title": "CEUTA",
		"beneficiary": "LOS 3 AMIGOS DEL BILLAR S.L.",
		"operation": "Mejorar la empleabilidad de las personas desempleadas",
		"spending": "2.500,00",
		"po_nr": "2007ES051PO007",
		"po_str": "PO FSE CEUTA"
	},
	{
		"_source": "http://www.empleo.gob.es/uafse/es/beneficiarios/2016-pdf/PO_FSE_CEUTA.pdf",
		"_title": "CEUTA",
		"beneficiary": "M. DE HOYOS S.L.",
		"operation": "Promoción del empleo estable y de calidad y difusión de formas Innovadoras de organización \nlaboral",
		"spending": "2.500,00",
		"po_nr": "2007ES051PO007",
		"po_str": "PO FSE CEUTA"
	},
	{
		"_source": "http://www.empleo.gob.es/uafse/es/beneficiarios/2016-pdf/PO_FSE_CEUTA.pdf",
		"_title": "CEUTA",
		"beneficiary": "MAKEREL MEDIOAMBIENTAL S.L.",
		"operation": "Promoción del empleo estable y de calidad y difusión de formas Innovadoras de organización \nlaboral",
		"spending": "9.000,00",
		"po_nr": "2007ES051PO007",
		"po_str": "PO FSE CEUTA"
	},
	{
		"_source": "http://www.empleo.gob.es/uafse/es/beneficiarios/2016-pdf/PO_FSE_CEUTA.pdf",
		"_title": "CEUTA",
		"beneficiary": "MANTELUSO S.L.",
		"operation": "Promoción del empleo estable y de calidad y difusión de formas Innovadoras de organización \nlaboral",
		"spending": "6.000,00",
		"po_nr": "2007ES051PO007",
		"po_str": "PO FSE CEUTA"
	},
	{
		"_source": "http://www.empleo.gob.es/uafse/es/beneficiarios/2016-pdf/PO_FSE_CEUTA.pdf",
		"_title": "CEUTA",
		"beneficiary": "MANTENIMIENTO MAQUINARIA CEUTA S.L.",
		"operation": "Promoción del empleo estable y de calidad y difusión de formas Innovadoras de organización \nlaboral",
		"spending": "2.500,00",
		"po_nr": "2007ES051PO007",
		"po_str": "PO FSE CEUTA"
	},
	{
		"_source": "http://www.empleo.gob.es/uafse/es/beneficiarios/2016-pdf/PO_FSE_CEUTA.pdf",
		"_title": "CEUTA",
		"beneficiary": "MARFIL SALUD S.L.",
		"operation": "Mejorar la empleabilidad de las personas desempleadas",
		"spending": "5.000,00",
		"po_nr": "2007ES051PO007",
		"po_str": "PO FSE CEUTA"
	},
	{
		"_source": "http://www.empleo.gob.es/uafse/es/beneficiarios/2016-pdf/PO_FSE_CEUTA.pdf",
		"_title": "CEUTA",
		"beneficiary": "MARINA DOG C.B.",
		"operation": "Fomentar el apoyo al trabajo por cuenta propia y la creación de empresas",
		"spending": "15.000,00",
		"po_nr": "2007ES051PO007",
		"po_str": "PO FSE CEUTA"
	},
	{
		"_source": "http://www.empleo.gob.es/uafse/es/beneficiarios/2016-pdf/PO_FSE_CEUTA.pdf",
		"_title": "CEUTA",
		"beneficiary": "MARINA DOG C.B.",
		"operation": "Mejorar la empleabilidad de las personas desempleadas",
		"spending": "1.152,16",
		"po_nr": "2007ES051PO007",
		"po_str": "PO FSE CEUTA"
	},
	{
		"_source": "http://www.empleo.gob.es/uafse/es/beneficiarios/2016-pdf/PO_FSE_CEUTA.pdf",
		"_title": "CEUTA",
		"beneficiary": "MARINA MERIDIONAL CEUTA S.A.",
		"operation": "Promoción del empleo estable y de calidad y difusión de formas Innovadoras de organización \nlaboral",
		"spending": "4.500,00",
		"po_nr": "2007ES051PO007",
		"po_str": "PO FSE CEUTA"
	},
	{
		"_source": "http://www.empleo.gob.es/uafse/es/beneficiarios/2016-pdf/PO_FSE_CEUTA.pdf",
		"_title": "CEUTA",
		"beneficiary": "MARQUEZ Y ASOCIADOS S.L.",
		"operation": "Mejorar la empleabilidad de las personas desempleadas",
		"spending": "5.000,00",
		"po_nr": "2007ES051PO007",
		"po_str": "PO FSE CEUTA"
	},
	{
		"_source": "http://www.empleo.gob.es/uafse/es/beneficiarios/2016-pdf/PO_FSE_CEUTA.pdf",
		"_title": "CEUTA",
		"beneficiary": "MENRUMEC S.L.",
		"operation": "Mejorar la empleabilidad de las personas desempleadas",
		"spending": "2.500,00",
		"po_nr": "2007ES051PO007",
		"po_str": "PO FSE CEUTA"
	},
	{
		"_source": "http://www.empleo.gob.es/uafse/es/beneficiarios/2016-pdf/PO_FSE_CEUTA.pdf",
		"_title": "CEUTA",
		"beneficiary": "MODYCOM C.B.",
		"operation": "Mejorar la empleabilidad de las personas desempleadas",
		"spending": "2.500,00",
		"po_nr": "2007ES051PO007",
		"po_str": "PO FSE CEUTA"
	},
	{
		"_source": "http://www.empleo.gob.es/uafse/es/beneficiarios/2016-pdf/PO_FSE_CEUTA.pdf",
		"_title": "CEUTA",
		"beneficiary": "MODYCOM C.B.",
		"operation": "Promoción del empleo estable y de calidad y difusión de formas Innovadoras de organización \nlaboral",
		"spending": "2.250,00",
		"po_nr": "2007ES051PO007",
		"po_str": "PO FSE CEUTA"
	},
	{
		"_source": "http://www.empleo.gob.es/uafse/es/beneficiarios/2016-pdf/PO_FSE_CEUTA.pdf",
		"_title": "CEUTA",
		"beneficiary": "MONREAL TRANSPORTES S.L.",
		"operation": "Promoción del empleo estable y de calidad y difusión de formas Innovadoras de organización \nlaboral",
		"spending": "5.000,00",
		"po_nr": "2007ES051PO007",
		"po_str": "PO FSE CEUTA"
	},
	{
		"_source": "http://www.empleo.gob.es/uafse/es/beneficiarios/2016-pdf/PO_FSE_CEUTA.pdf",
		"_title": "CEUTA",
		"beneficiary": "MUEBLES Y COCINAS CEUTA S.L.",
		"operation": "Promoción del empleo estable y de calidad y difusión de formas Innovadoras de organización \nlaboral",
		"spending": "7.250,00",
		"po_nr": "2007ES051PO007",
		"po_str": "PO FSE CEUTA"
	},
	{
		"_source": "http://www.empleo.gob.es/uafse/es/beneficiarios/2016-pdf/PO_FSE_CEUTA.pdf",
		"_title": "CEUTA",
		"beneficiary": "NAVARIVA S.L.",
		"operation": "Promoción del empleo estable y de calidad y difusión de formas Innovadoras de organización \nlaboral",
		"spending": "4.500,00",
		"po_nr": "2007ES051PO007",
		"po_str": "PO FSE CEUTA"
	},
	{
		"_source": "http://www.empleo.gob.es/uafse/es/beneficiarios/2016-pdf/PO_FSE_CEUTA.pdf",
		"_title": "CEUTA",
		"beneficiary": "NEUMATICOS CEUTA S.L.",
		"operation": "Promoción del empleo estable y de calidad y difusión de formas Innovadoras de organización \nlaboral",
		"spending": "2.250,00",
		"po_nr": "2007ES051PO007",
		"po_str": "PO FSE CEUTA"
	},
	{
		"_source": "http://www.empleo.gob.es/uafse/es/beneficiarios/2016-pdf/PO_FSE_CEUTA.pdf",
		"_title": "CEUTA",
		"beneficiary": "NOEL SUPERMERCADOS S.L.",
		"operation": "Promoción del empleo estable y de calidad y difusión de formas Innovadoras de organización \nlaboral",
		"spending": "37.500,00",
		"po_nr": "2007ES051PO007",
		"po_str": "PO FSE CEUTA"
	},
	{
		"_source": "http://www.empleo.gob.es/uafse/es/beneficiarios/2016-pdf/PO_FSE_CEUTA.pdf",
		"_title": "CEUTA",
		"beneficiary": "NOOR Y MOHAMED S.L.",
		"operation": "Mejorar la empleabilidad de las personas desempleadas",
		"spending": "7.500,00",
		"po_nr": "2007ES051PO007",
		"po_str": "PO FSE CEUTA"
	},
	{
		"_source": "http://www.empleo.gob.es/uafse/es/beneficiarios/2016-pdf/PO_FSE_CEUTA.pdf",
		"_title": "CEUTA",
		"beneficiary": "NOOR Y MOHAMED S.L.",
		"operation": "Promoción del empleo estable y de calidad y difusión de formas Innovadoras de organización \nlaboral",
		"spending": "7.500,00",
		"po_nr": "2007ES051PO007",
		"po_str": "PO FSE CEUTA"
	},
	{
		"_source": "http://www.empleo.gob.es/uafse/es/beneficiarios/2016-pdf/PO_FSE_CEUTA.pdf",
		"_title": "CEUTA",
		"beneficiary": "NUTROSA ALIMENTACION CEUTA S.L.",
		"operation": "Mejorar la empleabilidad de las personas desempleadas",
		"spending": "4.608,10",
		"po_nr": "2007ES051PO007",
		"po_str": "PO FSE CEUTA"
	},
	{
		"_source": "http://www.empleo.gob.es/uafse/es/beneficiarios/2016-pdf/PO_FSE_CEUTA.pdf",
		"_title": "CEUTA",
		"beneficiary": "NUTROSA ALIMENTACION CEUTA S.L.",
		"operation": "Promoción del empleo estable y de calidad y difusión de formas Innovadoras de organización \nlaboral",
		"spending": "13.500,00",
		"po_nr": "2007ES051PO007",
		"po_str": "PO FSE CEUTA"
	},
	{
		"_source": "http://www.empleo.gob.es/uafse/es/beneficiarios/2016-pdf/PO_FSE_CEUTA.pdf",
		"_title": "CEUTA",
		"beneficiary": "OBRADOR GARCIA S.L.",
		"operation": "Promoción del empleo estable y de calidad y difusión de formas Innovadoras de organización \nlaboral",
		"spending": "2.250,00",
		"po_nr": "2007ES051PO007",
		"po_str": "PO FSE CEUTA"
	},
	{
		"_source": "http://www.empleo.gob.es/uafse/es/beneficiarios/2016-pdf/PO_FSE_CEUTA.pdf",
		"_title": "CEUTA",
		"beneficiary": "OCENA ELECTRONIC S.L.",
		"operation": "Promoción del empleo estable y de calidad y difusión de formas Innovadoras de organización \nlaboral",
		"spending": "2.500,00",
		"po_nr": "2007ES051PO007",
		"po_str": "PO FSE CEUTA"
	},
	{
		"_source": "http://www.empleo.gob.es/uafse/es/beneficiarios/2016-pdf/PO_FSE_CEUTA.pdf",
		"_title": "CEUTA",
		"beneficiary": "ORAB 6000 S.L.",
		"operation": "Promoción del empleo estable y de calidad y difusión de formas Innovadoras de organización \nlaboral",
		"spending": "5.937,50",
		"po_nr": "2007ES051PO007",
		"po_str": "PO FSE CEUTA"
	},
	{
		"_source": "http://www.empleo.gob.es/uafse/es/beneficiarios/2016-pdf/PO_FSE_CEUTA.pdf",
		"_title": "CEUTA",
		"beneficiary": "PANIFICADORA SEPTI S.L.",
		"operation": "Promoción del empleo estable y de calidad y difusión de formas Innovadoras de organización \nlaboral",
		"spending": "3.750,00",
		"po_nr": "2007ES051PO007",
		"po_str": "PO FSE CEUTA"
	},
	{
		"_source": "http://www.empleo.gob.es/uafse/es/beneficiarios/2016-pdf/PO_FSE_CEUTA.pdf",
		"_title": "CEUTA",
		"beneficiary": "PARQUE CEUTI DEL AUTOMOVIL S.L.",
		"operation": "Promoción del empleo estable y de calidad y difusión de formas Innovadoras de organización \nlaboral",
		"spending": "2.500,00",
		"po_nr": "2007ES051PO007",
		"po_str": "PO FSE CEUTA"
	},
	{
		"_source": "http://www.empleo.gob.es/uafse/es/beneficiarios/2016-pdf/PO_FSE_CEUTA.pdf",
		"_title": "CEUTA",
		"beneficiary": "PECINO Y CARMONA C.B",
		"operation": "Fomentar el apoyo al trabajo por cuenta propia y la creación de empresas",
		"spending": "15.000,00",
		"po_nr": "2007ES051PO007",
		"po_str": "PO FSE CEUTA"
	},
	{
		"_source": "http://www.empleo.gob.es/uafse/es/beneficiarios/2016-pdf/PO_FSE_CEUTA.pdf",
		"_title": "CEUTA",
		"beneficiary": "PELUQUERIA Y ESTETICA LAS NIÑAS C.B.",
		"operation": "Fomentar el apoyo al trabajo por cuenta propia y la creación de empresas",
		"spending": "10.258,55",
		"po_nr": "2007ES051PO007",
		"po_str": "PO FSE CEUTA"
	},
	{
		"_source": "http://www.empleo.gob.es/uafse/es/beneficiarios/2016-pdf/PO_FSE_CEUTA.pdf",
		"_title": "CEUTA",
		"beneficiary": "PERSERPA GESTION S.L.",
		"operation": "Mejorar la empleabilidad de las personas desempleadas",
		"spending": "2.740,71",
		"po_nr": "2007ES051PO007",
		"po_str": "PO FSE CEUTA"
	},
	{
		"_source": "http://www.empleo.gob.es/uafse/es/beneficiarios/2016-pdf/PO_FSE_CEUTA.pdf",
		"_title": "CEUTA",
		"beneficiary": "PETROSHOP S.L.",
		"operation": "Promoción del empleo estable y de calidad y difusión de formas Innovadoras de organización \nlaboral",
		"spending": "5.000,00",
		"po_nr": "2007ES051PO007",
		"po_str": "PO FSE CEUTA"
	},
	{
		"_source": "http://www.empleo.gob.es/uafse/es/beneficiarios/2016-pdf/PO_FSE_CEUTA.pdf",
		"_title": "CEUTA",
		"beneficiary": "PIRA ARQUITECTURA E INGENIERIA S.L.",
		"operation": "Promoción del empleo estable y de calidad y difusión de formas Innovadoras de organización \nlaboral",
		"spending": "2.250,00",
		"po_nr": "2007ES051PO007",
		"po_str": "PO FSE CEUTA"
	},
	{
		"_source": "http://www.empleo.gob.es/uafse/es/beneficiarios/2016-pdf/PO_FSE_CEUTA.pdf",
		"_title": "CEUTA",
		"beneficiary": "PRACTICOS DEL PUERTO S.L.",
		"operation": "Promoción del empleo estable y de calidad y difusión de formas Innovadoras de organización \nlaboral",
		"spending": "3.437,50",
		"po_nr": "2007ES051PO007",
		"po_str": "PO FSE CEUTA"
	},
	{
		"_source": "http://www.empleo.gob.es/uafse/es/beneficiarios/2016-pdf/PO_FSE_CEUTA.pdf",
		"_title": "CEUTA",
		"beneficiary": "PREMIER CEUTA S.L.",
		"operation": "Mejorar la empleabilidad de las personas desempleadas",
		"spending": "5.000,00",
		"po_nr": "2007ES051PO007",
		"po_str": "PO FSE CEUTA"
	},
	{
		"_source": "http://www.empleo.gob.es/uafse/es/beneficiarios/2016-pdf/PO_FSE_CEUTA.pdf",
		"_title": "CEUTA",
		"beneficiary": "PREMIER CEUTA S.L.",
		"operation": "Promoción del empleo estable y de calidad y difusión de formas Innovadoras de organización \nlaboral",
		"spending": "5.000,00",
		"po_nr": "2007ES051PO007",
		"po_str": "PO FSE CEUTA"
	},
	{
		"_source": "http://www.empleo.gob.es/uafse/es/beneficiarios/2016-pdf/PO_FSE_CEUTA.pdf",
		"_title": "CEUTA",
		"beneficiary": "PROCESA",
		"operation": "Apoyo a la gestión de los programas operativos",
		"spending": "86.848,24",
		"po_nr": "2007ES051PO007",
		"po_str": "PO FSE CEUTA"
	},
	{
		"_source": "http://www.empleo.gob.es/uafse/es/beneficiarios/2016-pdf/PO_FSE_CEUTA.pdf",
		"_title": "CEUTA",
		"beneficiary": "PROCESA",
		"operation": "Evaluación, estudios, información y comunicación",
		"spending": "169.495,20",
		"po_nr": "2007ES051PO007",
		"po_str": "PO FSE CEUTA"
	},
	{
		"_source": "http://www.empleo.gob.es/uafse/es/beneficiarios/2016-pdf/PO_FSE_CEUTA.pdf",
		"_title": "CEUTA",
		"beneficiary": "PROCESA",
		"operation": "Favorecer la conciliación entre la vida laboral y personal y Impulsar la igualdad de \noportunidades",
		"spending": "420,00",
		"po_nr": "2007ES051PO007",
		"po_str": "PO FSE CEUTA"
	},
	{
		"_source": "http://www.empleo.gob.es/uafse/es/beneficiarios/2016-pdf/PO_FSE_CEUTA.pdf",
		"_title": "CEUTA",
		"beneficiary": "PROCESA",
		"operation": "Mejorar la empleabilidad de las personas desempleadas",
		"spending": "428.435,99",
		"po_nr": "2007ES051PO007",
		"po_str": "PO FSE CEUTA"
	},
	{
		"_source": "http://www.empleo.gob.es/uafse/es/beneficiarios/2016-pdf/PO_FSE_CEUTA.pdf",
		"_title": "CEUTA",
		"beneficiary": "PROCESA",
		"operation": "Proponer oportunidades de integración social y laboral a las personas con discapacidad y en \nriesgo de exclusión",
		"spending": "7.995.898,11",
		"po_nr": "2007ES051PO007",
		"po_str": "PO FSE CEUTA"
	},
	{
		"_source": "http://www.empleo.gob.es/uafse/es/beneficiarios/2016-pdf/PO_FSE_CEUTA.pdf",
		"_title": "CEUTA",
		"beneficiary": "PROCESA (CIUDAD AUTONOMA DE CEUTA)",
		"operation": "Proponer oportunidades de integración social y laboral a las personas con discapacidad y en \nriesgo de exclusión",
		"spending": "224.498,52",
		"po_nr": "2007ES051PO007",
		"po_str": "PO FSE CEUTA"
	},
	{
		"_source": "http://www.empleo.gob.es/uafse/es/beneficiarios/2016-pdf/PO_FSE_CEUTA.pdf",
		"_title": "CEUTA",
		"beneficiary": "PROCESAQ",
		"operation": "Proponer oportunidades de integración social y laboral a las personas con discapacidad y en \nriesgo de exclusión",
		"spending": "18.197,24",
		"po_nr": "2007ES051PO007",
		"po_str": "PO FSE CEUTA"
	},
	{
		"_source": "http://www.empleo.gob.es/uafse/es/beneficiarios/2016-pdf/PO_FSE_CEUTA.pdf",
		"_title": "CEUTA",
		"beneficiary": "R&L AUDITORIA S.L.",
		"operation": "Promoción del empleo estable y de calidad y difusión de formas Innovadoras de organización \nlaboral",
		"spending": "4.500,00",
		"po_nr": "2007ES051PO007",
		"po_str": "PO FSE CEUTA"
	},
	{
		"_source": "http://www.empleo.gob.es/uafse/es/beneficiarios/2016-pdf/PO_FSE_CEUTA.pdf",
		"_title": "CEUTA",
		"beneficiary": "RAUDACEUTA S.L.",
		"operation": "Promoción del empleo estable y de calidad y difusión de formas Innovadoras de organización \nlaboral",
		"spending": "3.500,00",
		"po_nr": "2007ES051PO007",
		"po_str": "PO FSE CEUTA"
	},
	{
		"_source": "http://www.empleo.gob.es/uafse/es/beneficiarios/2016-pdf/PO_FSE_CEUTA.pdf",
		"_title": "CEUTA",
		"beneficiary": "RECICLACEUTA S.L.",
		"operation": "Promoción del empleo estable y de calidad y difusión de formas Innovadoras de organización \nlaboral",
		"spending": "4.500,00",
		"po_nr": "2007ES051PO007",
		"po_str": "PO FSE CEUTA"
	},
	{
		"_source": "http://www.empleo.gob.es/uafse/es/beneficiarios/2016-pdf/PO_FSE_CEUTA.pdf",
		"_title": "CEUTA",
		"beneficiary": "REIS CEUTA C.B.",
		"operation": "Fomentar el apoyo al trabajo por cuenta propia y la creación de empresas",
		"spending": "17.500,00",
		"po_nr": "2007ES051PO007",
		"po_str": "PO FSE CEUTA"
	},
	{
		"_source": "http://www.empleo.gob.es/uafse/es/beneficiarios/2016-pdf/PO_FSE_CEUTA.pdf",
		"_title": "CEUTA",
		"beneficiary": "RIBERA BEACH CEUTA C.B.",
		"operation": "Promoción del empleo estable y de calidad y difusión de formas Innovadoras de organización \nlaboral",
		"spending": "3.500,00",
		"po_nr": "2007ES051PO007",
		"po_str": "PO FSE CEUTA"
	},
	{
		"_source": "http://www.empleo.gob.es/uafse/es/beneficiarios/2016-pdf/PO_FSE_CEUTA.pdf",
		"_title": "CEUTA",
		"beneficiary": "SABIKA HERCULES S.L.",
		"operation": "Promoción del empleo estable y de calidad y difusión de formas Innovadoras de organización \nlaboral",
		"spending": "2.250,00",
		"po_nr": "2007ES051PO007",
		"po_str": "PO FSE CEUTA"
	},
	{
		"_source": "http://www.empleo.gob.es/uafse/es/beneficiarios/2016-pdf/PO_FSE_CEUTA.pdf",
		"_title": "CEUTA",
		"beneficiary": "SATGURUS INVERSIONES S.L.",
		"operation": "Promoción del empleo estable y de calidad y difusión de formas Innovadoras de organización \nlaboral",
		"spending": "4.500,00",
		"po_nr": "2007ES051PO007",
		"po_str": "PO FSE CEUTA"
	},
	{
		"_source": "http://www.empleo.gob.es/uafse/es/beneficiarios/2016-pdf/PO_FSE_CEUTA.pdf",
		"_title": "CEUTA",
		"beneficiary": "SERVICEUTA PYMES S.L.",
		"operation": "Promoción del empleo estable y de calidad y difusión de formas Innovadoras de organización \nlaboral",
		"spending": "2.500,00",
		"po_nr": "2007ES051PO007",
		"po_str": "PO FSE CEUTA"
	},
	{
		"_source": "http://www.empleo.gob.es/uafse/es/beneficiarios/2016-pdf/PO_FSE_CEUTA.pdf",
		"_title": "CEUTA",
		"beneficiary": "SERVICIOS LUDOTECA",
		"operation": "Promoción del empleo estable y de calidad y difusión de formas Innovadoras de organización \nlaboral",
		"spending": "1.250,00",
		"po_nr": "2007ES051PO007",
		"po_str": "PO FSE CEUTA"
	},
	{
		"_source": "http://www.empleo.gob.es/uafse/es/beneficiarios/2016-pdf/PO_FSE_CEUTA.pdf",
		"_title": "CEUTA",
		"beneficiary": "SERVICIOS LUDOTECA CEUTA S.L.",
		"operation": "Promoción del empleo estable y de calidad y difusión de formas Innovadoras de organización \nlaboral",
		"spending": "8.100,00",
		"po_nr": "2007ES051PO007",
		"po_str": "PO FSE CEUTA"
	},
	{
		"_source": "http://www.empleo.gob.es/uafse/es/beneficiarios/2016-pdf/PO_FSE_CEUTA.pdf",
		"_title": "CEUTA",
		"beneficiary": "SERVICIOS Y REPUESTOS MARITIMOS S.L.",
		"operation": "Promoción del empleo estable y de calidad y difusión de formas Innovadoras de organización \nlaboral",
		"spending": "5.000,00",
		"po_nr": "2007ES051PO007",
		"po_str": "PO FSE CEUTA"
	},
	{
		"_source": "http://www.empleo.gob.es/uafse/es/beneficiarios/2016-pdf/PO_FSE_CEUTA.pdf",
		"_title": "CEUTA",
		"beneficiary": "SERVIHOGAR CEUTA S.L.",
		"operation": "Promoción del empleo estable y de calidad y difusión de formas Innovadoras de organización \nlaboral",
		"spending": "2.500,00",
		"po_nr": "2007ES051PO007",
		"po_str": "PO FSE CEUTA"
	},
	{
		"_source": "http://www.empleo.gob.es/uafse/es/beneficiarios/2016-pdf/PO_FSE_CEUTA.pdf",
		"_title": "CEUTA",
		"beneficiary": "SERVIMENSA S.L.",
		"operation": "Promoción del empleo estable y de calidad y difusión de formas Innovadoras de organización \nlaboral",
		"spending": "6.750,00",
		"po_nr": "2007ES051PO007",
		"po_str": "PO FSE CEUTA"
	},
	{
		"_source": "http://www.empleo.gob.es/uafse/es/beneficiarios/2016-pdf/PO_FSE_CEUTA.pdf",
		"_title": "CEUTA",
		"beneficiary": "SERVISOCIALES CANARIOS S.L.",
		"operation": "Promoción del empleo estable y de calidad y difusión de formas Innovadoras de organización \nlaboral",
		"spending": "18.230,80",
		"po_nr": "2007ES051PO007",
		"po_str": "PO FSE CEUTA"
	},
	{
		"_source": "http://www.empleo.gob.es/uafse/es/beneficiarios/2016-pdf/PO_FSE_CEUTA.pdf",
		"_title": "CEUTA",
		"beneficiary": "SIERRA SANCHEZ C.B.",
		"operation": "Promoción del empleo estable y de calidad y difusión de formas Innovadoras de organización \nlaboral",
		"spending": "8.000,00",
		"po_nr": "2007ES051PO007",
		"po_str": "PO FSE CEUTA"
	},
	{
		"_source": "http://www.empleo.gob.es/uafse/es/beneficiarios/2016-pdf/PO_FSE_CEUTA.pdf",
		"_title": "CEUTA",
		"beneficiary": "SIN LIMITE VERTICAL 360 C.B.",
		"operation": "Fomentar el apoyo al trabajo por cuenta propia y la creación de empresas",
		"spending": "7.600,00",
		"po_nr": "2007ES051PO007",
		"po_str": "PO FSE CEUTA"
	},
	{
		"_source": "http://www.empleo.gob.es/uafse/es/beneficiarios/2016-pdf/PO_FSE_CEUTA.pdf",
		"_title": "CEUTA",
		"beneficiary": "SINDIBAR S.L.",
		"operation": "Mejorar la empleabilidad de las personas desempleadas",
		"spending": "1.314,40",
		"po_nr": "2007ES051PO007",
		"po_str": "PO FSE CEUTA"
	},
	{
		"_source": "http://www.empleo.gob.es/uafse/es/beneficiarios/2016-pdf/PO_FSE_CEUTA.pdf",
		"_title": "CEUTA",
		"beneficiary": "SIRENE CEUTA C.B.",
		"operation": "Promoción del empleo estable y de calidad y difusión de formas Innovadoras de organización \nlaboral",
		"spending": "13.500,00",
		"po_nr": "2007ES051PO007",
		"po_str": "PO FSE CEUTA"
	},
	{
		"_source": "http://www.empleo.gob.es/uafse/es/beneficiarios/2016-pdf/PO_FSE_CEUTA.pdf",
		"_title": "CEUTA",
		"beneficiary": "SISTEMAS DE OFICINAS CEUTA S.L.",
		"operation": "Promoción del empleo estable y de calidad y difusión de formas Innovadoras de organización \nlaboral",
		"spending": "2.500,00",
		"po_nr": "2007ES051PO007",
		"po_str": "PO FSE CEUTA"
	},
	{
		"_source": "http://www.empleo.gob.es/uafse/es/beneficiarios/2016-pdf/PO_FSE_CEUTA.pdf",
		"_title": "CEUTA",
		"beneficiary": "STAFF PERSONAL CEUTA S.L.",
		"operation": "Mejorar la empleabilidad de las personas desempleadas",
		"spending": "2.409,60",
		"po_nr": "2007ES051PO007",
		"po_str": "PO FSE CEUTA"
	},
	{
		"_source": "http://www.empleo.gob.es/uafse/es/beneficiarios/2016-pdf/PO_FSE_CEUTA.pdf",
		"_title": "CEUTA",
		"beneficiary": "SUNSHINE IVERSEA S.L.",
		"operation": "Promoción del empleo estable y de calidad y difusión de formas Innovadoras de organización \nlaboral",
		"spending": "2.500,00",
		"po_nr": "2007ES051PO007",
		"po_str": "PO FSE CEUTA"
	},
	{
		"_source": "http://www.empleo.gob.es/uafse/es/beneficiarios/2016-pdf/PO_FSE_CEUTA.pdf",
		"_title": "CEUTA",
		"beneficiary": "SUPERCIBAO S.L.",
		"operation": "Promoción del empleo estable y de calidad y difusión de formas Innovadoras de organización \nlaboral",
		"spending": "36.500,00",
		"po_nr": "2007ES051PO007",
		"po_str": "PO FSE CEUTA"
	},
	{
		"_source": "http://www.empleo.gob.es/uafse/es/beneficiarios/2016-pdf/PO_FSE_CEUTA.pdf",
		"_title": "CEUTA",
		"beneficiary": "SUPERDRINDK S.L.",
		"operation": "Promoción del empleo estable y de calidad y difusión de formas Innovadoras de organización \nlaboral",
		"spending": "4.500,00",
		"po_nr": "2007ES051PO007",
		"po_str": "PO FSE CEUTA"
	},
	{
		"_source": "http://www.empleo.gob.es/uafse/es/beneficiarios/2016-pdf/PO_FSE_CEUTA.pdf",
		"_title": "CEUTA",
		"beneficiary": "SYMBOL ASESORAMIENTO S.L.",
		"operation": "Promoción del empleo estable y de calidad y difusión de formas Innovadoras de organización \nlaboral",
		"spending": "2.500,00",
		"po_nr": "2007ES051PO007",
		"po_str": "PO FSE CEUTA"
	},
	{
		"_source": "http://www.empleo.gob.es/uafse/es/beneficiarios/2016-pdf/PO_FSE_CEUTA.pdf",
		"_title": "CEUTA",
		"beneficiary": "SYMBOL ASESORAMIENTO S.L.P",
		"operation": "Promoción del empleo estable y de calidad y difusión de formas Innovadoras de organización \nlaboral",
		"spending": "2.500,00",
		"po_nr": "2007ES051PO007",
		"po_str": "PO FSE CEUTA"
	},
	{
		"_source": "http://www.empleo.gob.es/uafse/es/beneficiarios/2016-pdf/PO_FSE_CEUTA.pdf",
		"_title": "CEUTA",
		"beneficiary": "TECNICAS CEUTIES DE INSTALACIONES S.L.",
		"operation": "Promoción del empleo estable y de calidad y difusión de formas Innovadoras de organización \nlaboral",
		"spending": "6.750,00",
		"po_nr": "2007ES051PO007",
		"po_str": "PO FSE CEUTA"
	},
	{
		"_source": "http://www.empleo.gob.es/uafse/es/beneficiarios/2016-pdf/PO_FSE_CEUTA.pdf",
		"_title": "CEUTA",
		"beneficiary": "TRINITAS S.A.",
		"operation": "Promoción del empleo estable y de calidad y difusión de formas Innovadoras de organización \nlaboral",
		"spending": "8.437,50",
		"po_nr": "2007ES051PO007",
		"po_str": "PO FSE CEUTA"
	},
	{
		"_source": "http://www.empleo.gob.es/uafse/es/beneficiarios/2016-pdf/PO_FSE_CEUTA.pdf",
		"_title": "CEUTA",
		"beneficiary": "TWIN NUÑEZ C.B.",
		"operation": "Promoción del empleo estable y de calidad y difusión de formas Innovadoras de organización \nlaboral",
		"spending": "4.500,00",
		"po_nr": "2007ES051PO007",
		"po_str": "PO FSE CEUTA"
	},
	{
		"_source": "http://www.empleo.gob.es/uafse/es/beneficiarios/2016-pdf/PO_FSE_CEUTA.pdf",
		"_title": "CEUTA",
		"beneficiary": "TYE SERVICIOS INTEGRALES S.L.",
		"operation": "Promoción del empleo estable y de calidad y difusión de formas Innovadoras de organización \nlaboral",
		"spending": "18.000,00",
		"po_nr": "2007ES051PO007",
		"po_str": "PO FSE CEUTA"
	},
	{
		"_source": "http://www.empleo.gob.es/uafse/es/beneficiarios/2016-pdf/PO_FSE_CEUTA.pdf",
		"_title": "CEUTA",
		"beneficiary": "TYL JEREZ S.L.",
		"operation": "Mejorar la empleabilidad de las personas desempleadas",
		"spending": "1.875,00",
		"po_nr": "2007ES051PO007",
		"po_str": "PO FSE CEUTA"
	},
	{
		"_source": "http://www.empleo.gob.es/uafse/es/beneficiarios/2016-pdf/PO_FSE_CEUTA.pdf",
		"_title": "CEUTA",
		"beneficiary": "UNION BENDHAMAR S.L.",
		"operation": "Promoción del empleo estable y de calidad y difusión de formas Innovadoras de organización \nlaboral",
		"spending": "17.500,00",
		"po_nr": "2007ES051PO007",
		"po_str": "PO FSE CEUTA"
	},
	{
		"_source": "http://www.empleo.gob.es/uafse/es/beneficiarios/2016-pdf/PO_FSE_CEUTA.pdf",
		"_title": "CEUTA",
		"beneficiary": "UNIQUE EXPORTS INTERNACIONAL S.L.",
		"operation": "Promoción del empleo estable y de calidad y difusión de formas Innovadoras de organización \nlaboral",
		"spending": "937,50",
		"po_nr": "2007ES051PO007",
		"po_str": "PO FSE CEUTA"
	},
	{
		"_source": "http://www.empleo.gob.es/uafse/es/beneficiarios/2016-pdf/PO_FSE_CEUTA.pdf",
		"_title": "CEUTA",
		"beneficiary": "VALERO SPORT AND BIKE S.L.",
		"operation": "Promoción del empleo estable y de calidad y difusión de formas Innovadoras de organización \nlaboral",
		"spending": "9.000,00",
		"po_nr": "2007ES051PO007",
		"po_str": "PO FSE CEUTA"
	},
	{
		"_source": "http://www.empleo.gob.es/uafse/es/beneficiarios/2016-pdf/PO_FSE_CEUTA.pdf",
		"_title": "CEUTA",
		"beneficiary": "VENTOLERA C.B.",
		"operation": "Fomentar el apoyo al trabajo por cuenta propia y la creación de empresas",
		"spending": "15.000,00",
		"po_nr": "2007ES051PO007",
		"po_str": "PO FSE CEUTA"
	},
	{
		"_source": "http://www.empleo.gob.es/uafse/es/beneficiarios/2016-pdf/PO_FSE_CEUTA.pdf",
		"_title": "CEUTA",
		"beneficiary": "VENUS FITNES S.L.",
		"operation": "Promoción del empleo estable y de calidad y difusión de formas Innovadoras de organización \nlaboral",
		"spending": "4.500,00",
		"po_nr": "2007ES051PO007",
		"po_str": "PO FSE CEUTA"
	},
	{
		"_source": "http://www.empleo.gob.es/uafse/es/beneficiarios/2016-pdf/PO_FSE_CEUTA.pdf",
		"_title": "CEUTA",
		"beneficiary": "VENUS FITNESS S.L.",
		"operation": "Mejorar la empleabilidad de las personas desempleadas",
		"spending": "614,40",
		"po_nr": "2007ES051PO007",
		"po_str": "PO FSE CEUTA"
	},
	{
		"_source": "http://www.empleo.gob.es/uafse/es/beneficiarios/2016-pdf/PO_FSE_CEUTA.pdf",
		"_title": "CEUTA",
		"beneficiary": "VENUS FITNNES S.L.",
		"operation": "Promoción del empleo estable y de calidad y difusión de formas Innovadoras de organización \nlaboral",
		"spending": "4.500,00",
		"po_nr": "2007ES051PO007",
		"po_str": "PO FSE CEUTA"
	},
	{
		"_source": "http://www.empleo.gob.es/uafse/es/beneficiarios/2016-pdf/PO_FSE_CEUTA.pdf",
		"_title": "CEUTA",
		"beneficiary": "VICTORIA HOGAR S.L.",
		"operation": "Promoción del empleo estable y de calidad y difusión de formas Innovadoras de organización \nlaboral",
		"spending": "6.750,00",
		"po_nr": "2007ES051PO007",
		"po_str": "PO FSE CEUTA"
	},
	{
		"_source": "http://www.empleo.gob.es/uafse/es/beneficiarios/2016-pdf/PO_FSE_CEUTA.pdf",
		"_title": "CEUTA",
		"beneficiary": "VIVERA ATLANTICO MEDITERRANEO S.L.",
		"operation": "Promoción del empleo estable y de calidad y difusión de formas Innovadoras de organización \nlaboral",
		"spending": "16.500,00",
		"po_nr": "2007ES051PO007",
		"po_str": "PO FSE CEUTA"
	},
	{
		"_source": "http://www.empleo.gob.es/uafse/es/beneficiarios/2016-pdf/PO_FSE_CEUTA.pdf",
		"_title": "CEUTA",
		"beneficiary": "WECOME S.L.",
		"operation": "Promoción del empleo estable y de calidad y difusión de formas Innovadoras de organización \nlaboral",
		"spending": "1.375,00",
		"po_nr": "2007ES051PO007",
		"po_str": "PO FSE CEUTA"
	},
	{
		"_source": "http://www.empleo.gob.es/uafse/es/beneficiarios/2016-pdf/PO_FSE_CEUTA.pdf",
		"_title": "CEUTA",
		"beneficiary": "YUKHON AZEROS S.L.",
		"operation": "Promoción del empleo estable y de calidad y difusión de formas Innovadoras de organización \nlaboral",
		"spending": "15.469,00",
		"po_nr": "2007ES051PO007",
		"po_str": "PO FSE CEUTA"
	},
	{
		"_source": "http://www.empleo.gob.es/uafse/es/beneficiarios/2016-pdf/PO_FSE_CEUTA.pdf",
		"_title": "CEUTA",
		"beneficiary": "YUNKHON AZEROS S.L.",
		"operation": "Promoción del empleo estable y de calidad y difusión de formas Innovadoras de organización \nlaboral",
		"spending": "5.750,00",
		"po_nr": "2007ES051PO007",
		"po_str": "PO FSE CEUTA"
	},
	{
		"_source": "http://www.empleo.gob.es/uafse/es/beneficiarios/2016-pdf/PO_FSE_CEUTA.pdf",
		"_title": "CEUTA",
		"beneficiary": "ZAMGOR S.C.",
		"operation": "Promoción del empleo estable y de calidad y difusión de formas Innovadoras de organización \nlaboral",
		"spending": "10.125,00",
		"po_nr": "2007ES051PO007",
		"po_str": "PO FSE CEUTA"
	},
	{
		"_source": "http://www.empleo.gob.es/uafse/es/beneficiarios/2016-pdf/PO_FSE_CEUTA.pdf",
		"_title": "CEUTA",
		"beneficiary": "ZAPATOS CEUTA S.L.",
		"operation": "Promoción del empleo estable y de calidad y difusión de formas Innovadoras de organización \nlaboral",
		"spending": "9.500,00",
		"po_nr": "2007ES051PO007",
		"po_str": "PO FSE CEUTA"
	},
	{
		"_source": "http://www.empleo.gob.es/uafse/es/beneficiarios/2016-pdf/PO_FSE_CEUTA.pdf",
		"_title": "CEUTA",
		"beneficiary": "ZEROGAME S.L.",
		"operation": "Promoción del empleo estable y de calidad y difusión de formas Innovadoras de organización \nlaboral",
		"spending": "6.500,00",
		"po_nr": "2007ES051PO007",
		"po_str": "PO FSE CEUTA"
	}
]