[
	{
		"_source": "http://www.empleo.gob.es/uafse/es/beneficiarios/2016-pdf/PO_FSE_ASISTENCIA_TxCNICA.pdf",
		"_title": "ASISTENCIA TÉCNICA Y COOPERACIÓN TRANSNACIONAL E INTERREGIONAL",
		"beneficiary": "CONSEJO DE LA JUVENTUD",
		"operation": "Evaluación, estudios, información y comunicación",
		"spending": "27.300,00",
		"po_nr": "2007ES05UPO003",
		"po_str": "PO FSE ASISTENCIA TÉCNICA"
	},
	{
		"_source": "http://www.empleo.gob.es/uafse/es/beneficiarios/2016-pdf/PO_FSE_ASISTENCIA_TxCNICA.pdf",
		"_title": "ASISTENCIA TÉCNICA Y COOPERACIÓN TRANSNACIONAL E INTERREGIONAL",
		"beneficiary": "FUNDACIÓN GENERAL DE LA UNIVERSIDAD",
		"operation": "Apoyo a la gestión de los programas operativos",
		"spending": "28.600,00",
		"po_nr": "2007ES05UPO003",
		"po_str": "PO FSE ASISTENCIA TÉCNICA"
	},
	{
		"_source": "http://www.empleo.gob.es/uafse/es/beneficiarios/2016-pdf/PO_FSE_ASISTENCIA_TxCNICA.pdf",
		"_title": "ASISTENCIA TÉCNICA Y COOPERACIÓN TRANSNACIONAL E INTERREGIONAL",
		"beneficiary": "FUNDACIÓN SECRETARIADO GITANO",
		"operation": "Fomento de la cooperación transnacional e interregional",
		"spending": "1.106.420,43",
		"po_nr": "2007ES05UPO003",
		"po_str": "PO FSE ASISTENCIA TÉCNICA"
	},
	{
		"_source": "http://www.empleo.gob.es/uafse/es/beneficiarios/2016-pdf/PO_FSE_ASISTENCIA_TxCNICA.pdf",
		"_title": "ASISTENCIA TÉCNICA Y COOPERACIÓN TRANSNACIONAL E INTERREGIONAL",
		"beneficiary": "IGAE",
		"operation": "Apoyo a la gestión de los programas operativos",
		"spending": "178.461,43",
		"po_nr": "2007ES05UPO003",
		"po_str": "PO FSE ASISTENCIA TÉCNICA"
	},
	{
		"_source": "http://www.empleo.gob.es/uafse/es/beneficiarios/2016-pdf/PO_FSE_ASISTENCIA_TxCNICA.pdf",
		"_title": "ASISTENCIA TÉCNICA Y COOPERACIÓN TRANSNACIONAL E INTERREGIONAL",
		"beneficiary": "IGAE (MEH)",
		"operation": "Apoyo a la gestión de los programas operativos",
		"spending": "143.315,00",
		"po_nr": "2007ES05UPO003",
		"po_str": "PO FSE ASISTENCIA TÉCNICA"
	},
	{
		"_source": "http://www.empleo.gob.es/uafse/es/beneficiarios/2016-pdf/PO_FSE_ASISTENCIA_TxCNICA.pdf",
		"_title": "ASISTENCIA TÉCNICA Y COOPERACIÓN TRANSNACIONAL E INTERREGIONAL",
		"beneficiary": "IGAE (MNHAP)",
		"operation": "Apoyo a la gestión de los programas operativos",
		"spending": "123.211,68",
		"po_nr": "2007ES05UPO003",
		"po_str": "PO FSE ASISTENCIA TÉCNICA"
	},
	{
		"_source": "http://www.empleo.gob.es/uafse/es/beneficiarios/2016-pdf/PO_FSE_ASISTENCIA_TxCNICA.pdf",
		"_title": "ASISTENCIA TÉCNICA Y COOPERACIÓN TRANSNACIONAL E INTERREGIONAL",
		"beneficiary": "INJUVE",
		"operation": "Evaluación, estudios, información y comunicación",
		"spending": "81.482,91",
		"po_nr": "2007ES05UPO003",
		"po_str": "PO FSE ASISTENCIA TÉCNICA"
	},
	{
		"_source": "http://www.empleo.gob.es/uafse/es/beneficiarios/2016-pdf/PO_FSE_ASISTENCIA_TxCNICA.pdf",
		"_title": "ASISTENCIA TÉCNICA Y COOPERACIÓN TRANSNACIONAL E INTERREGIONAL",
		"beneficiary": "INSTITUTO DE LA MUJER",
		"operation": "Apoyo a la gestión de los programas operativos",
		"spending": "3.301.212,24",
		"po_nr": "2007ES05UPO003",
		"po_str": "PO FSE ASISTENCIA TÉCNICA"
	},
	{
		"_source": "http://www.empleo.gob.es/uafse/es/beneficiarios/2016-pdf/PO_FSE_ASISTENCIA_TxCNICA.pdf",
		"_title": "ASISTENCIA TÉCNICA Y COOPERACIÓN TRANSNACIONAL E INTERREGIONAL",
		"beneficiary": "INSTITUTO DE LA MUJER",
		"operation": "Evaluación, estudios, información y comunicación",
		"spending": "474.550,31",
		"po_nr": "2007ES05UPO003",
		"po_str": "PO FSE ASISTENCIA TÉCNICA"
	},
	{
		"_source": "http://www.empleo.gob.es/uafse/es/beneficiarios/2016-pdf/PO_FSE_ASISTENCIA_TxCNICA.pdf",
		"_title": "ASISTENCIA TÉCNICA Y COOPERACIÓN TRANSNACIONAL E INTERREGIONAL",
		"beneficiary": "INSTITUTO DE LA MUJER",
		"operation": "Fomento de la cooperación transnacional e interregional",
		"spending": "17.198,21",
		"po_nr": "2007ES05UPO003",
		"po_str": "PO FSE ASISTENCIA TÉCNICA"
	},
	{
		"_source": "http://www.empleo.gob.es/uafse/es/beneficiarios/2016-pdf/PO_FSE_ASISTENCIA_TxCNICA.pdf",
		"_title": "ASISTENCIA TÉCNICA Y COOPERACIÓN TRANSNACIONAL E INTERREGIONAL",
		"beneficiary": "INSTITUTO DE LA MUJER - MINISTERIO DE",
		"operation": "Apoyo a la gestión de los programas operativos",
		"spending": "8.959,35",
		"po_nr": "2007ES05UPO003",
		"po_str": "PO FSE ASISTENCIA TÉCNICA"
	},
	{
		"_source": "http://www.empleo.gob.es/uafse/es/beneficiarios/2016-pdf/PO_FSE_ASISTENCIA_TxCNICA.pdf",
		"_title": "ASISTENCIA TÉCNICA Y COOPERACIÓN TRANSNACIONAL E INTERREGIONAL",
		"beneficiary": "INSTITUTO DE LA MUJER - MINISTERIO DE",
		"operation": "Fomento de la cooperación transnacional e interregional",
		"spending": "60.234,84",
		"po_nr": "2007ES05UPO003",
		"po_str": "PO FSE ASISTENCIA TÉCNICA"
	},
	{
		"_source": "http://www.empleo.gob.es/uafse/es/beneficiarios/2016-pdf/PO_FSE_ASISTENCIA_TxCNICA.pdf",
		"_title": "ASISTENCIA TÉCNICA Y COOPERACIÓN TRANSNACIONAL E INTERREGIONAL",
		"beneficiary": "INSTITUTO MADRILEÑO  DE FORMACIÓN",
		"operation": "Evaluación, estudios, información y comunicación",
		"spending": "240.647,02",
		"po_nr": "2007ES05UPO003",
		"po_str": "PO FSE ASISTENCIA TÉCNICA"
	},
	{
		"_source": "http://www.empleo.gob.es/uafse/es/beneficiarios/2016-pdf/PO_FSE_ASISTENCIA_TxCNICA.pdf",
		"_title": "ASISTENCIA TÉCNICA Y COOPERACIÓN TRANSNACIONAL E INTERREGIONAL",
		"beneficiary": "INSTITUTO MADRILEÑO DE FORMACIÓN",
		"operation": "Evaluación, estudios, información y comunicación",
		"spending": "244.500,02",
		"po_nr": "2007ES05UPO003",
		"po_str": "PO FSE ASISTENCIA TÉCNICA"
	},
	{
		"_source": "http://www.empleo.gob.es/uafse/es/beneficiarios/2016-pdf/PO_FSE_ASISTENCIA_TxCNICA.pdf",
		"_title": "ASISTENCIA TÉCNICA Y COOPERACIÓN TRANSNACIONAL E INTERREGIONAL",
		"beneficiary": "MINISTERIO DE EMPLEO Y SEGURIDAD SOCIAL",
		"operation": "Apoyo a la gestión de los programas operativos",
		"spending": "16.274.820,75",
		"po_nr": "2007ES05UPO003",
		"po_str": "PO FSE ASISTENCIA TÉCNICA"
	},
	{
		"_source": "http://www.empleo.gob.es/uafse/es/beneficiarios/2016-pdf/PO_FSE_ASISTENCIA_TxCNICA.pdf",
		"_title": "ASISTENCIA TÉCNICA Y COOPERACIÓN TRANSNACIONAL E INTERREGIONAL",
		"beneficiary": "MINISTERIO DE EMPLEO Y SEGURIDAD SOCIAL",
		"operation": "Evaluación, estudios, información y comunicación",
		"spending": "1.067.345,37",
		"po_nr": "2007ES05UPO003",
		"po_str": "PO FSE ASISTENCIA TÉCNICA"
	},
	{
		"_source": "http://www.empleo.gob.es/uafse/es/beneficiarios/2016-pdf/PO_FSE_ASISTENCIA_TxCNICA.pdf",
		"_title": "ASISTENCIA TÉCNICA Y COOPERACIÓN TRANSNACIONAL E INTERREGIONAL",
		"beneficiary": "MINISTERIO DE EMPLEO Y SEGURIDAD SOCIAL",
		"operation": "Fomento de la cooperación transnacional e interregional",
		"spending": "170.015,81",
		"po_nr": "2007ES05UPO003",
		"po_str": "PO FSE ASISTENCIA TÉCNICA"
	},
	{
		"_source": "http://www.empleo.gob.es/uafse/es/beneficiarios/2016-pdf/PO_FSE_ASISTENCIA_TxCNICA.pdf",
		"_title": "ASISTENCIA TÉCNICA Y COOPERACIÓN TRANSNACIONAL E INTERREGIONAL",
		"beneficiary": "MINISTERIO DE TRABAJO E INMIGRACIÓN",
		"operation": "Apoyo a la gestión de los programas operativos",
		"spending": "14.301.649,82",
		"po_nr": "2007ES05UPO003",
		"po_str": "PO FSE ASISTENCIA TÉCNICA"
	},
	{
		"_source": "http://www.empleo.gob.es/uafse/es/beneficiarios/2016-pdf/PO_FSE_ASISTENCIA_TxCNICA.pdf",
		"_title": "ASISTENCIA TÉCNICA Y COOPERACIÓN TRANSNACIONAL E INTERREGIONAL",
		"beneficiary": "MINISTERIO DE TRABAJO E INMIGRACIÓN",
		"operation": "Evaluación, estudios, información y comunicación",
		"spending": "827.379,25",
		"po_nr": "2007ES05UPO003",
		"po_str": "PO FSE ASISTENCIA TÉCNICA"
	},
	{
		"_source": "http://www.empleo.gob.es/uafse/es/beneficiarios/2016-pdf/PO_FSE_ASISTENCIA_TxCNICA.pdf",
		"_title": "ASISTENCIA TÉCNICA Y COOPERACIÓN TRANSNACIONAL E INTERREGIONAL",
		"beneficiary": "MINISTERIO DE TRABAJO E INMIGRACIÓN",
		"operation": "Fomento de la cooperación transnacional e interregional",
		"spending": "129.936,55",
		"po_nr": "2007ES05UPO003",
		"po_str": "PO FSE ASISTENCIA TÉCNICA"
	},
	{
		"_source": "http://www.empleo.gob.es/uafse/es/beneficiarios/2016-pdf/PO_FSE_ASISTENCIA_TxCNICA.pdf",
		"_title": "ASISTENCIA TÉCNICA Y COOPERACIÓN TRANSNACIONAL E INTERREGIONAL",
		"beneficiary": "MSSSI",
		"operation": "Apoyo a la gestión de los programas operativos",
		"spending": "20.328,00",
		"po_nr": "2007ES05UPO003",
		"po_str": "PO FSE ASISTENCIA TÉCNICA"
	},
	{
		"_source": "http://www.empleo.gob.es/uafse/es/beneficiarios/2016-pdf/PO_FSE_ASISTENCIA_TxCNICA.pdf",
		"_title": "ASISTENCIA TÉCNICA Y COOPERACIÓN TRANSNACIONAL E INTERREGIONAL",
		"beneficiary": "MSSSI",
		"operation": "Evaluación, estudios, información y comunicación",
		"spending": "189.056,89",
		"po_nr": "2007ES05UPO003",
		"po_str": "PO FSE ASISTENCIA TÉCNICA"
	},
	{
		"_source": "http://www.empleo.gob.es/uafse/es/beneficiarios/2016-pdf/PO_FSE_ASISTENCIA_TxCNICA.pdf",
		"_title": "ASISTENCIA TÉCNICA Y COOPERACIÓN TRANSNACIONAL E INTERREGIONAL",
		"beneficiary": "SEPE",
		"operation": "Evaluación, estudios, información y comunicación",
		"spending": "1.569.592,42",
		"po_nr": "2007ES05UPO003",
		"po_str": "PO FSE ASISTENCIA TÉCNICA"
	}
]