lau1_code,lau2_code
CZ0100,554782
CZ0201,532886
CZ0201,530522
CZ0201,532568
CZ0201,532941
CZ0201,529478
CZ0201,532541
CZ0201,532134
CZ0201,532231
CZ0201,530115
CZ0201,599361
CZ0201,532924
CZ0201,530000
CZ0201,529648
CZ0201,529303
CZ0201,530751
CZ0201,529486
CZ0201,530191
CZ0201,529940
CZ0201,532614
CZ0201,534382
CZ0201,530701
CZ0201,529567
CZ0201,530409
CZ0201,530891
CZ0201,532258
CZ0201,532436
CZ0201,532509
CZ0201,530166
CZ0201,530158
CZ0201,530913
CZ0201,599379
CZ0201,530352
CZ0201,533084
CZ0201,532193
CZ0201,533076
CZ0201,532096
CZ0201,530492
CZ0201,599395
CZ0201,530476
CZ0201,530051
CZ0201,532690
CZ0201,530638
CZ0201,530298
CZ0201,531049
CZ0201,529931
CZ0201,530310
CZ0201,532649
CZ0201,532592
CZ0201,530841
CZ0201,538710
CZ0201,513482
CZ0201,530921
CZ0201,529451
CZ0201,529745
CZ0201,530107
CZ0201,530905
CZ0201,529842
CZ0201,532037
CZ0201,529516
CZ0201,529737
CZ0201,532304
CZ0201,532151
CZ0201,530450
CZ0201,530441
CZ0201,530093
CZ0201,530867
CZ0201,529974
CZ0201,532606
CZ0201,530778
CZ0201,530204
CZ0201,529818
CZ0201,529788
CZ0201,530344
CZ0201,532843
CZ0201,529541
CZ0201,532045
CZ0201,529532
CZ0201,530174
CZ0201,530743
CZ0201,532550
CZ0201,599387
CZ0201,530026
CZ0201,532380
CZ0201,532746
CZ0201,530883
CZ0201,530719
CZ0201,530948
CZ0201,529991
CZ0201,530514
CZ0201,538680
CZ0201,529958
CZ0201,531022
CZ0201,531031
CZ0201,530301
CZ0201,532878
CZ0201,529770
CZ0201,530531
CZ0201,530212
CZ0201,530069
CZ0201,529796
CZ0201,532266
CZ0201,529907
CZ0201,529851
CZ0201,530816
CZ0201,530549
CZ0201,532061
CZ0201,530263
CZ0201,571415
CZ0201,529702
CZ0201,530760
CZ0201,532932
CZ0201,530611
CZ0201,529621
CZ0201,530689
CZ0202,534455
CZ0202,534447
CZ0202,531596
CZ0202,531588
CZ0202,532002
CZ0202,534421
CZ0202,534072
CZ0202,531537
CZ0202,531880
CZ0202,531766
CZ0202,531545
CZ0202,531448
CZ0202,533602
CZ0202,531227
CZ0202,531634
CZ0202,531847
CZ0202,531171
CZ0202,531294
CZ0202,531812
CZ0202,531669
CZ0202,532011
CZ0202,534269
CZ0202,531791
CZ0202,531057
CZ0202,533335
CZ0202,599417
CZ0202,531251
CZ0202,533912
CZ0202,531081
CZ0202,531219
CZ0202,534463
CZ0202,531910
CZ0202,531804
CZ0202,531332
CZ0202,531901
CZ0202,534234
CZ0202,531120
CZ0202,534145
CZ0202,531944
CZ0202,531375
CZ0202,531103
CZ0202,531855
CZ0202,534218
CZ0202,531600
CZ0202,531189
CZ0202,531995
CZ0202,531162
CZ0202,531979
CZ0202,531839
CZ0202,531308
CZ0202,531073
CZ0202,531235
CZ0202,531243
CZ0202,531715
CZ0202,531464
CZ0202,531642
CZ0202,531324
CZ0202,531456
CZ0202,534048
CZ0202,531626
CZ0202,533203
CZ0202,531740
CZ0202,534111
CZ0202,531961
CZ0202,531472
CZ0202,532029
CZ0202,531529
CZ0202,533106
CZ0202,531758
CZ0202,531952
CZ0202,534285
CZ0202,533319
CZ0202,531201
CZ0202,534404
CZ0202,533670
CZ0202,533793
CZ0202,531090
CZ0202,533939
CZ0202,531316
CZ0202,531154
CZ0202,531685
CZ0202,531693
CZ0202,533963
CZ0202,531782
CZ0202,531138
CZ0203,532720
CZ0203,532070
CZ0203,532959
CZ0203,532461
CZ0203,532576
CZ0203,532312
CZ0203,551457
CZ0203,532479
CZ0203,532282
CZ0203,532762
CZ0203,541991
CZ0203,571431
CZ0203,532711
CZ0203,532908
CZ0203,532525
CZ0203,564087
CZ0203,532185
CZ0203,532797
CZ0203,533050
CZ0203,532088
CZ0203,564125
CZ0203,532274
CZ0203,532401
CZ0203,532142
CZ0203,532916
CZ0203,513041
CZ0203,532444
CZ0203,532967
CZ0203,532681
CZ0203,535010
CZ0203,513075
CZ0203,532177
CZ0203,564150
CZ0203,532410
CZ0203,533157
CZ0203,532801
CZ0203,532452
CZ0203,532754
CZ0203,532835
CZ0203,532355
CZ0203,599425
CZ0203,532339
CZ0203,532291
CZ0203,513113
CZ0203,532321
CZ0203,532223
CZ0203,535150
CZ0203,533114
CZ0203,571512
CZ0203,532495
CZ0203,533122
CZ0203,564192
CZ0203,532363
CZ0203,532584
CZ0203,532665
CZ0203,532126
CZ0203,535109
CZ0203,533033
CZ0203,532819
CZ0203,571521
CZ0203,535125
CZ0203,599441
CZ0203,532631
CZ0203,533017
CZ0203,532347
CZ0203,533009
CZ0203,532428
CZ0203,532517
CZ0203,532207
CZ0203,513032
CZ0203,532169
CZ0203,571598
CZ0203,512991
CZ0203,532860
CZ0203,532533
CZ0203,533149
CZ0203,532827
CZ0203,532371
CZ0203,599433
CZ0203,532975
CZ0203,571601
CZ0203,535095
CZ0203,532738
CZ0203,533068
CZ0203,533092
CZ0203,532398
CZ0203,533025
CZ0203,532100
CZ0203,532983
CZ0203,532487
CZ0203,532053
CZ0203,571423
CZ0203,532851
CZ0203,513130
CZ0203,532657
CZ0203,532771
CZ0203,533041
CZ0203,532118
CZ0203,532622
CZ0203,571555
CZ0204,537675
CZ0204,533475
CZ0204,533211
CZ0204,537888
CZ0204,533530
CZ0204,513237
CZ0204,533831
CZ0204,513369
CZ0204,533459
CZ0204,564800
CZ0204,571717
CZ0204,513288
CZ0204,533220
CZ0204,513202
CZ0204,513270
CZ0204,533921
CZ0204,538035
CZ0204,513148
CZ0204,533653
CZ0204,533858
CZ0204,513261
CZ0204,533467
CZ0204,599484
CZ0204,533696
CZ0204,533289
CZ0204,533351
CZ0204,533645
CZ0204,533190
CZ0204,599476
CZ0204,533734
CZ0204,564702
CZ0204,533599
CZ0204,533297
CZ0204,533181
CZ0204,599450
CZ0204,513423
CZ0204,537748
CZ0204,513164
CZ0204,513393
CZ0204,533726
CZ0204,533629
CZ0204,533840
CZ0204,533742
CZ0204,533505
CZ0204,513415
CZ0204,564681
CZ0204,533513
CZ0204,533661
CZ0204,533700
CZ0204,571687
CZ0204,533581
CZ0204,513181
CZ0204,533424
CZ0204,533556
CZ0204,533173
CZ0204,537705
CZ0204,533394
CZ0204,533891
CZ0204,533327
CZ0204,533238
CZ0204,533246
CZ0204,533882
CZ0204,564826
CZ0204,533483
CZ0204,533271
CZ0204,533343
CZ0204,533262
CZ0204,533408
CZ0204,533866
CZ0204,533386
CZ0204,533769
CZ0204,533751
CZ0204,533785
CZ0204,571636
CZ0204,533807
CZ0204,533611
CZ0204,534994
CZ0204,533165
CZ0204,533947
CZ0204,533441
CZ0204,533823
CZ0204,533637
CZ0204,533777
CZ0204,537641
CZ0204,533301
CZ0204,533815
CZ0204,533521
CZ0204,533572
CZ0204,533360
CZ0205,531111
CZ0205,534641
CZ0205,534617
CZ0205,528196
CZ0205,551465
CZ0205,534480
CZ0205,534340
CZ0205,534013
CZ0205,530981
CZ0205,534366
CZ0205,534323
CZ0205,531359
CZ0205,534251
CZ0205,530875
CZ0205,534552
CZ0205,534137
CZ0205,534412
CZ0205,530832
CZ0205,533980
CZ0205,534501
CZ0205,534668
CZ0205,534498
CZ0205,530859
CZ0205,534510
CZ0205,529524
CZ0205,534161
CZ0205,534030
CZ0205,534242
CZ0205,534307
CZ0205,531286
CZ0205,534064
CZ0205,534005
CZ0205,533998
CZ0205,530964
CZ0205,531383
CZ0205,534561
CZ0205,534021
CZ0205,530999
CZ0205,534595
CZ0205,534633
CZ0205,534315
CZ0205,534650
CZ0205,529559
CZ0205,534153
CZ0205,534609
CZ0205,533955
CZ0205,534099
CZ0205,531481
CZ0205,531367
CZ0205,534579
CZ0205,534081
CZ0205,534358
CZ0205,531405
CZ0205,533971
CZ0205,534439
CZ0205,534200
CZ0205,531391
CZ0205,534374
CZ0205,531413
CZ0205,534391
CZ0205,534188
CZ0205,534196
CZ0205,534056
CZ0205,531421
CZ0205,534587
CZ0205,531430
CZ0205,531065
CZ0205,534536
CZ0205,530930
CZ0205,534226
CZ0205,531197
CZ0205,534544
CZ0205,530956
CZ0205,534277
CZ0205,530972
CZ0205,531278
CZ0205,534293
CZ0205,534528
CZ0205,534331
CZ0205,534129
CZ0205,571741
CZ0205,534625
CZ0205,534102
CZ0205,531260
CZ0205,531341
CZ0205,531014
CZ0205,526622
CZ0205,534170
CZ0206,535133
CZ0206,598291
CZ0206,531570
CZ0206,531502
CZ0206,531651
CZ0206,535338
CZ0206,535117
CZ0206,534773
CZ0206,535214
CZ0206,535061
CZ0206,531928
CZ0206,531987
CZ0206,539201
CZ0206,534901
CZ0206,599492
CZ0206,534935
CZ0206,535311
CZ0206,532673
CZ0206,531774
CZ0206,535290
CZ0206,535001
CZ0206,535044
CZ0206,534722
CZ0206,538647
CZ0206,535036
CZ0206,535303
CZ0206,531677
CZ0206,535354
CZ0206,535168
CZ0206,535273
CZ0206,531731
CZ0206,534838
CZ0206,534749
CZ0206,529575
CZ0206,535028
CZ0206,534820
CZ0206,534978
CZ0206,531863
CZ0206,534676
CZ0206,538345
CZ0206,535222
CZ0206,535257
CZ0206,529583
CZ0206,531561
CZ0206,534897
CZ0206,531898
CZ0206,531707
CZ0206,531511
CZ0206,535052
CZ0206,534790
CZ0206,535397
CZ0206,531499
CZ0206,535079
CZ0206,571792
CZ0206,535265
CZ0206,535320
CZ0206,535141
CZ0206,531871
CZ0206,534846
CZ0206,535389
CZ0206,534714
CZ0206,535087
CZ0206,534803
CZ0206,534951
CZ0206,531936
CZ0206,534731
CZ0206,571784
CZ0206,534765
CZ0206,535192
CZ0207,535834
CZ0207,536717
CZ0207,571075
CZ0207,557030
CZ0207,570842
CZ0207,536709
CZ0207,536211
CZ0207,536041
CZ0207,570826
CZ0207,536768
CZ0207,536938
CZ0207,536334
CZ0207,536261
CZ0207,571156
CZ0207,570753
CZ0207,571067
CZ0207,536008
CZ0207,536458
CZ0207,565920
CZ0207,571849
CZ0207,571881
CZ0207,535923
CZ0207,570761
CZ0207,535869
CZ0207,536351
CZ0207,536326
CZ0207,535711
CZ0207,536377
CZ0207,536164
CZ0207,571946
CZ0207,535478
CZ0207,565539
CZ0207,535451
CZ0207,529613
CZ0207,571989
CZ0207,599557
CZ0207,529605
CZ0207,536121
CZ0207,536997
CZ0207,535672
CZ0207,571865
CZ0207,535729
CZ0207,535567
CZ0207,570818
CZ0207,536580
CZ0207,529591
CZ0207,536407
CZ0207,535583
CZ0207,565750
CZ0207,535427
CZ0207,598241
CZ0207,565733
CZ0207,599531
CZ0207,570991
CZ0207,536661
CZ0207,536067
CZ0207,536971
CZ0207,536431
CZ0207,571806
CZ0207,535419
CZ0207,571121
CZ0207,571814
CZ0207,535443
CZ0207,565725
CZ0207,565822
CZ0207,536989
CZ0207,570770
CZ0207,535630
CZ0207,570923
CZ0207,535818
CZ0207,571148
CZ0207,565661
CZ0207,566039
CZ0207,536636
CZ0207,571172
CZ0207,565628
CZ0207,599514
CZ0207,536172
CZ0207,565571
CZ0207,535966
CZ0207,535931
CZ0207,535974
CZ0207,599573
CZ0207,536440
CZ0207,536610
CZ0207,535656
CZ0207,535486
CZ0207,565636
CZ0207,570788
CZ0207,536270
CZ0207,535702
CZ0207,536652
CZ0207,570974
CZ0207,535745
CZ0207,536857
CZ0207,571938
CZ0207,536202
CZ0207,536024
CZ0207,535605
CZ0207,536491
CZ0207,570940
CZ0207,565563
CZ0207,570893
CZ0207,565644
CZ0207,535516
CZ0207,565784
CZ0207,565652
CZ0207,571997
CZ0207,570982
CZ0207,565580
CZ0207,571032
CZ0207,572012
CZ0207,535621
CZ0207,536181
CZ0207,572021
CZ0207,571971
CZ0207,535508
CZ0207,599522
CZ0207,566047
CZ0207,535559
CZ0208,537268
CZ0208,537586
CZ0208,537080
CZ0208,537250
CZ0208,537314
CZ0208,537756
CZ0208,537349
CZ0208,537993
CZ0208,599662
CZ0208,537039
CZ0208,537373
CZ0208,537403
CZ0208,599638
CZ0208,537161
CZ0208,537462
CZ0208,537501
CZ0208,537446
CZ0208,537578
CZ0208,537985
CZ0208,599654
CZ0208,537721
CZ0208,537047
CZ0208,537489
CZ0208,537551
CZ0208,537977
CZ0208,537152
CZ0208,529630
CZ0208,537616
CZ0208,599697
CZ0208,537900
CZ0208,537128
CZ0208,537764
CZ0208,537233
CZ0208,537004
CZ0208,537942
CZ0208,537306
CZ0208,537853
CZ0208,534471
CZ0208,534871
CZ0208,537802
CZ0208,534706
CZ0208,534943
CZ0208,599581
CZ0208,537331
CZ0208,537411
CZ0208,537438
CZ0208,537098
CZ0208,536083
CZ0208,534862
CZ0208,503410
CZ0208,537896
CZ0208,599590
CZ0208,537101
CZ0208,534889
CZ0208,537390
CZ0208,537179
CZ0208,537055
CZ0208,537110
CZ0208,534757
CZ0208,534919
CZ0208,599301
CZ0208,537781
CZ0208,537217
CZ0208,599671
CZ0208,537454
CZ0208,537951
CZ0208,537357
CZ0208,537683
CZ0208,537659
CZ0208,599620
CZ0208,537225
CZ0208,537799
CZ0208,599611
CZ0208,537292
CZ0208,551481
CZ0208,537667
CZ0208,537497
CZ0208,537837
CZ0208,537560
CZ0208,537861
CZ0208,537276
CZ0208,537811
CZ0208,537021
CZ0208,534854
CZ0208,537624
CZ0208,537632
CZ0208,537772
CZ0209,538370
CZ0209,538779
CZ0209,538141
CZ0209,538132
CZ0209,538523
CZ0209,538094
CZ0209,529656
CZ0209,538272
CZ0209,538990
CZ0209,564788
CZ0209,599719
CZ0209,565008
CZ0209,599221
CZ0209,538973
CZ0209,539040
CZ0209,571954
CZ0209,539015
CZ0209,538442
CZ0209,538892
CZ0209,538639
CZ0209,564974
CZ0209,538515
CZ0209,564885
CZ0209,538477
CZ0209,538507
CZ0209,535362
CZ0209,534986
CZ0209,538574
CZ0209,539091
CZ0209,533254
CZ0209,538825
CZ0209,538761
CZ0209,565989
CZ0209,533416
CZ0209,533904
CZ0209,538884
CZ0209,505781
CZ0209,571644
CZ0209,538256
CZ0209,538051
CZ0209,539058
CZ0209,538485
CZ0209,531553
CZ0209,538248
CZ0209,538914
CZ0209,538167
CZ0209,538671
CZ0209,534960
CZ0209,538850
CZ0209,538809
CZ0209,538604
CZ0209,538621
CZ0209,538311
CZ0209,538833
CZ0209,564907
CZ0209,538876
CZ0209,564915
CZ0209,538698
CZ0209,538281
CZ0209,533378
CZ0209,533432
CZ0209,533874
CZ0209,533548
CZ0209,538469
CZ0209,538981
CZ0209,538655
CZ0209,538191
CZ0209,534781
CZ0209,538540
CZ0209,538841
CZ0209,538264
CZ0209,538451
CZ0209,564982
CZ0209,539082
CZ0209,538426
CZ0209,534684
CZ0209,513628
CZ0209,538329
CZ0209,564796
CZ0209,533564
CZ0209,538582
CZ0209,538493
CZ0209,538043
CZ0209,536130
CZ0209,564761
CZ0209,513644
CZ0209,538086
CZ0209,598305
CZ0209,571679
CZ0209,533718
CZ0209,538566
CZ0209,538965
CZ0209,564991
CZ0209,538728
CZ0209,538957
CZ0209,538787
CZ0209,564869
CZ0209,538108
CZ0209,538701
CZ0209,538418
CZ0209,538230
CZ0209,538752
CZ0209,598283
CZ0209,538612
CZ0209,538558
CZ0209,538221
CZ0209,538299
CZ0209,539031
CZ0209,598267
CZ0209,539066
CZ020A,539341
CZ020A,539414
CZ020A,539643
CZ020A,539309
CZ020A,531821
CZ020A,539198
CZ020A,531618
CZ020A,571211
CZ020A,539660
CZ020A,539597
CZ020A,571199
CZ020A,599735
CZ020A,531723
CZ020A,539546
CZ020A,513458
CZ020A,539139
CZ020A,539503
CZ020A,539210
CZ020A,539767
CZ020A,539287
CZ020A,539856
CZ020A,539228
CZ020A,539627
CZ020A,539295
CZ020A,513431
CZ020A,539325
CZ020A,539422
CZ020A,571351
CZ020A,598313
CZ020A,539813
CZ020A,539244
CZ020A,539350
CZ020A,539511
CZ020A,539830
CZ020A,539520
CZ020A,539147
CZ020A,539236
CZ020A,539562
CZ020A,539902
CZ020A,539261
CZ020A,532789
CZ020A,539163
CZ020A,539872
CZ020A,539155
CZ020A,539252
CZ020A,539121
CZ020A,539881
CZ020A,539805
CZ020A,571342
CZ020A,539171
CZ020A,539759
CZ020A,571261
CZ020A,532215
CZ020A,532991
CZ020A,539317
CZ020A,571326
CZ020A,599727
CZ020A,539104
CZ020A,539651
CZ020A,539368
CZ020A,539686
CZ020A,539180
CZ020A,539708
CZ020A,539392
CZ020A,539384
CZ020A,539406
CZ020A,539571
CZ020A,571334
CZ020A,539333
CZ020A,571318
CZ020A,539775
CZ020A,539457
CZ020A,540765
CZ020A,571288
CZ020A,540048
CZ020A,539490
CZ020A,539732
CZ020A,531146
CZ020A,539848
CZ020B,540188
CZ020B,540013
CZ020B,513555
CZ020B,540072
CZ020B,540323
CZ020B,564583
CZ020B,564249
CZ020B,540935
CZ020B,564257
CZ020B,598437
CZ020B,540749
CZ020B,539911
CZ020B,540820
CZ020B,541371
CZ020B,599751
CZ020B,564630
CZ020B,540889
CZ020B,540439
CZ020B,541516
CZ020B,539988
CZ020B,541389
CZ020B,540625
CZ020B,541567
CZ020B,540447
CZ020B,541583
CZ020B,541281
CZ020B,541311
CZ020B,540846
CZ020B,541613
CZ020B,598429
CZ020B,541133
CZ020B,540404
CZ020B,540901
CZ020B,599204
CZ020B,541591
CZ020B,541206
CZ020B,564362
CZ020B,539953
CZ020B,530573
CZ020B,540579
CZ020B,541320
CZ020B,540242
CZ020B,540153
CZ020B,540757
CZ020B,564559
CZ020B,564214
CZ020B,540021
CZ020B,513512
CZ020B,541087
CZ020B,540790
CZ020B,564222
CZ020B,564320
CZ020B,564478
CZ020B,529681
CZ020B,540374
CZ020B,540145
CZ020B,540552
CZ020B,564664
CZ020B,540536
CZ020B,541427
CZ020B,540218
CZ020B,529672
CZ020B,540285
CZ020B,541397
CZ020B,540714
CZ020B,539970
CZ020B,540587
CZ020B,564273
CZ020B,564338
CZ020B,513571
CZ020B,541273
CZ020B,540951
CZ020B,540943
CZ020B,598488
CZ020B,541419
CZ020B,529664
CZ020B,513521
CZ020B,540811
CZ020B,598470
CZ020B,598381
CZ020B,564486
CZ020B,564508
CZ020B,513580
CZ020B,541541
CZ020B,541338
CZ020B,541010
CZ020B,564524
CZ020B,598372
CZ020B,541231
CZ020B,564605
CZ020B,540099
CZ020B,540358
CZ020B,564419
CZ020B,599298
CZ020B,541044
CZ020B,541257
CZ020B,541524
CZ020B,513504
CZ020B,598411
CZ020B,540129
CZ020B,540897
CZ020B,541508
CZ020B,541028
CZ020B,540498
CZ020B,513539
CZ020B,540111
CZ020B,598330
CZ020B,598461
CZ020B,540960
CZ020B,540170
CZ020B,540315
CZ020B,541052
CZ020B,513547
CZ020B,564346
CZ020B,540081
CZ020B,540781
CZ020B,540391
CZ020B,541451
CZ020B,564389
CZ020B,598402
CZ020C,541761
CZ020C,565512
CZ020C,544248
CZ020C,565504
CZ020C,542601
CZ020C,541672
CZ020C,542121
CZ020C,541877
CZ020C,542385
CZ020C,542326
CZ020C,529711
CZ020C,542164
CZ020C,565261
CZ020C,542130
CZ020C,565377
CZ020C,541699
CZ020C,598496
CZ020C,565326
CZ020C,542067
CZ020C,542512
CZ020C,542466
CZ020C,598585
CZ020C,542032
CZ020C,565407
CZ020C,565423
CZ020C,565334
CZ020C,542351
CZ020C,542334
CZ020C,542075
CZ020C,542105
CZ020C,542237
CZ020C,565466
CZ020C,565041
CZ020C,541974
CZ020C,542253
CZ020C,541770
CZ020C,542377
CZ020C,542288
CZ020C,542229
CZ020C,565440
CZ020C,542016
CZ020C,541656
CZ020C,598577
CZ020C,541940
CZ020C,541982
CZ020C,565130
CZ020C,542211
CZ020C,541907
CZ020C,529699
CZ020C,565199
CZ020C,565351
CZ020C,542113
CZ020C,542415
CZ020C,542458
CZ020C,598518
CZ020C,542181
CZ020C,565202
CZ020C,541893
CZ020C,598526
CZ020C,542598
CZ020C,542431
CZ020C,599760
CZ020C,541818
CZ020C,542474
CZ020C,542369
CZ020C,541729
CZ020C,542610
CZ020C,541737
CZ020C,541834
CZ020C,542563
CZ020C,565385
CZ020C,565181
CZ020C,542199
CZ020C,542008
CZ020C,542504
CZ020C,565288
CZ020C,541966
CZ020C,565270
CZ020C,598500
CZ020C,542041
CZ020C,542270
CZ020C,565369
CZ020C,542202
CZ0311,535893
CZ0311,545121
CZ0311,535753
CZ0311,545082
CZ0311,544388
CZ0311,535982
CZ0311,535401
CZ0311,545139
CZ0311,535591
CZ0311,535788
CZ0311,544779
CZ0311,535842
CZ0311,535800
CZ0311,545287
CZ0311,535613
CZ0311,535699
CZ0311,599778
CZ0311,536105
CZ0311,544540
CZ0311,544612
CZ0311,598607
CZ0311,536075
CZ0311,544868
CZ0311,598976
CZ0311,535761
CZ0311,535826
CZ0311,544493
CZ0311,544442
CZ0311,535664
CZ0311,544761
CZ0311,544973
CZ0311,535575
CZ0311,598615
CZ0311,544329
CZ0311,544736
CZ0311,544817
CZ0311,535991
CZ0311,544256
CZ0311,535206
CZ0311,544451
CZ0311,545066
CZ0311,544809
CZ0311,545023
CZ0311,598593
CZ0311,551503
CZ0311,535435
CZ0311,551490
CZ0311,535796
CZ0311,535281
CZ0311,545171
CZ0311,544485
CZ0311,545007
CZ0311,536156
CZ0311,536059
CZ0311,544639
CZ0311,535460
CZ0311,544400
CZ0311,545201
CZ0311,536016
CZ0311,535176
CZ0311,535940
CZ0311,545155
CZ0311,545091
CZ0311,535877
CZ0311,544744
CZ0311,545341
CZ0311,545384
CZ0311,544299
CZ0311,544892
CZ0311,535346
CZ0311,535851
CZ0311,535371
CZ0311,549371
CZ0311,535958
CZ0311,536032
CZ0311,535524
CZ0311,535737
CZ0311,545074
CZ0311,544281
CZ0311,545368
CZ0311,544663
CZ0311,544272
CZ0311,544523
CZ0311,545317
CZ0311,545376
CZ0311,544361
CZ0311,545228
CZ0311,535681
CZ0311,544558
CZ0311,535249
CZ0311,544825
CZ0311,545104
CZ0311,545015
CZ0311,544795
CZ0311,544884
CZ0311,535648
CZ0311,544515
CZ0311,535231
CZ0311,535541
CZ0311,535915
CZ0311,529729
CZ0311,535494
CZ0311,536199
CZ0311,544981
CZ0311,544426
CZ0311,535907
CZ0311,544965
CZ0311,544591
CZ0311,545261
CZ0312,545406
CZ0312,545571
CZ0312,536300
CZ0312,536253
CZ0312,545457
CZ0312,545465
CZ0312,536237
CZ0312,545821
CZ0312,545848
CZ0312,545775
CZ0312,545830
CZ0312,545473
CZ0312,545694
CZ0312,545767
CZ0312,545490
CZ0312,536296
CZ0312,598623
CZ0312,545805
CZ0312,545716
CZ0312,545619
CZ0312,545872
CZ0312,500194
CZ0312,536245
CZ0312,551538
CZ0312,545643
CZ0312,545511
CZ0312,545422
CZ0312,545597
CZ0312,545481
CZ0312,545431
CZ0312,536229
CZ0312,545449
CZ0312,545724
CZ0312,545562
CZ0312,545503
CZ0312,545601
CZ0312,545813
CZ0312,545520
CZ0312,545392
CZ0312,545546
CZ0312,545660
CZ0312,545732
CZ0312,545414
CZ0312,545627
CZ0312,545554
CZ0312,545864
CZ0312,513661
CZ0313,547212
CZ0313,546381
CZ0313,547069
CZ0313,562424
CZ0313,546623
CZ0313,546445
CZ0313,546038
CZ0313,562742
CZ0313,547336
CZ0313,546127
CZ0313,562688
CZ0313,546674
CZ0313,546305
CZ0313,546101
CZ0313,547247
CZ0313,561088
CZ0313,561703
CZ0313,509108
CZ0313,507717
CZ0313,546801
CZ0313,562416
CZ0313,562629
CZ0313,562653
CZ0313,562840
CZ0313,562815
CZ0313,561037
CZ0313,562831
CZ0313,507628
CZ0313,546364
CZ0313,562319
CZ0313,562637
CZ0313,508501
CZ0313,509141
CZ0313,509078
CZ0313,546500
CZ0313,562378
CZ0313,508357
CZ0313,507784
CZ0313,507644
CZ0313,562696
CZ0313,562599
CZ0313,562785
CZ0313,546054
CZ0313,507695
CZ0313,562459
CZ0313,561070
CZ0313,562807
CZ0313,562386
CZ0313,546020
CZ0313,547204
CZ0313,546615
CZ0313,598631
CZ0313,547221
CZ0313,547468
CZ0313,546089
CZ0313,508683
CZ0313,560995
CZ0313,547085
CZ0313,560987
CZ0313,562670
CZ0313,546151
CZ0313,546666
CZ0313,507733
CZ0313,598640
CZ0313,562726
CZ0313,561053
CZ0313,562467
CZ0313,545881
CZ0313,509191
CZ0313,561061
CZ0313,546917
CZ0313,546461
CZ0313,546291
CZ0313,529753
CZ0313,547263
CZ0313,562734
CZ0313,507652
CZ0313,546542
CZ0313,546402
CZ0313,546844
CZ0313,507610
CZ0313,546798
CZ0313,562475
CZ0313,508152
CZ0313,562360
CZ0313,547280
CZ0313,546992
CZ0313,547441
CZ0313,562327
CZ0313,547166
CZ0313,546143
CZ0313,547239
CZ0313,546712
CZ0313,562491
CZ0313,562548
CZ0313,561045
CZ0313,562602
CZ0313,529761
CZ0313,561029
CZ0313,509116
CZ0313,546968
CZ0313,508004
CZ0313,562769
CZ0313,598658
CZ0313,561711
CZ0313,546097
CZ0314,549428
CZ0314,562190
CZ0314,509752
CZ0314,549479
CZ0314,549860
CZ0314,562157
CZ0314,549606
CZ0314,529885
CZ0314,561509
CZ0314,549703
CZ0314,549517
CZ0314,549614
CZ0314,549584
CZ0314,550060
CZ0314,598828
CZ0314,550035
CZ0314,549258
CZ0314,598861
CZ0314,562122
CZ0314,549525
CZ0314,549266
CZ0314,549576
CZ0314,549797
CZ0314,562254
CZ0314,598852
CZ0314,549754
CZ0314,561525
CZ0314,549878
CZ0314,549495
CZ0314,549568
CZ0314,550027
CZ0314,550001
CZ0314,598780
CZ0314,562181
CZ0314,562211
CZ0314,562289
CZ0314,549398
CZ0314,549487
CZ0314,549541
CZ0314,549827
CZ0314,549975
CZ0314,549592
CZ0314,562084
CZ0314,598801
CZ0314,549801
CZ0314,549851
CZ0314,549657
CZ0314,561550
CZ0314,549410
CZ0314,509621
CZ0314,562301
CZ0314,549347
CZ0314,529877
CZ0314,549932
CZ0314,562271
CZ0314,549339
CZ0314,549711
CZ0314,549991
CZ0314,549681
CZ0314,562068
CZ0314,550043
CZ0314,549321
CZ0314,561517
CZ0314,549240
CZ0314,549843
CZ0314,562149
CZ0314,562165
CZ0314,549380
CZ0314,598844
CZ0314,549304
CZ0314,549771
CZ0314,549452
CZ0314,549363
CZ0314,549509
CZ0314,549291
CZ0315,561568
CZ0315,550264
CZ0315,550442
CZ0315,537527
CZ0315,550663
CZ0315,537543
CZ0315,537144
CZ0315,550353
CZ0315,529915
CZ0315,550582
CZ0315,550604
CZ0315,550574
CZ0315,550647
CZ0315,537535
CZ0315,550558
CZ0315,550345
CZ0315,561673
CZ0315,537071
CZ0315,550426
CZ0315,550418
CZ0315,537241
CZ0315,550680
CZ0315,550671
CZ0315,550124
CZ0315,550230
CZ0315,550761
CZ0315,550329
CZ0315,537187
CZ0315,550451
CZ0315,563978
CZ0315,550434
CZ0315,550698
CZ0315,550523
CZ0315,537136
CZ0315,550337
CZ0315,529893
CZ0315,537519
CZ0315,550159
CZ0315,550540
CZ0315,537209
CZ0315,550531
CZ0315,545902
CZ0315,550205
CZ0315,537195
CZ0315,537322
CZ0315,550621
CZ0315,550094
CZ0315,550655
CZ0315,550515
CZ0315,561576
CZ0315,537420
CZ0315,550248
CZ0315,550116
CZ0315,550701
CZ0315,550167
CZ0315,550183
CZ0315,537365
CZ0315,529923
CZ0315,537381
CZ0315,550396
CZ0315,550728
CZ0315,550361
CZ0315,550221
CZ0315,561649
CZ0315,550485
CZ0316,536962
CZ0316,551520
CZ0316,551104
CZ0316,551040
CZ0316,536547
CZ0316,536369
CZ0316,551554
CZ0316,550949
CZ0316,551261
CZ0316,510068
CZ0316,561690
CZ0316,550817
CZ0316,536563
CZ0316,551163
CZ0316,551619
CZ0316,536644
CZ0316,536695
CZ0316,550957
CZ0316,536946
CZ0316,560243
CZ0316,536881
CZ0316,536849
CZ0316,551988
CZ0316,536474
CZ0316,536555
CZ0316,537063
CZ0316,551180
CZ0316,536504
CZ0316,550906
CZ0316,551899
CZ0316,536822
CZ0316,536482
CZ0316,551716
CZ0316,550809
CZ0316,536415
CZ0316,536911
CZ0316,536598
CZ0316,560171
CZ0316,551023
CZ0316,551660
CZ0316,551791
CZ0316,536539
CZ0316,536342
CZ0316,560278
CZ0316,536601
CZ0316,560391
CZ0316,551830
CZ0316,536776
CZ0316,550922
CZ0316,551350
CZ0316,550833
CZ0316,551341
CZ0316,598950
CZ0316,536865
CZ0316,551384
CZ0316,550965
CZ0316,550787
CZ0316,551741
CZ0316,536725
CZ0316,551473
CZ0316,536512
CZ0316,560219
CZ0316,551015
CZ0316,551139
CZ0316,536903
CZ0316,551961
CZ0316,551562
CZ0316,551121
CZ0316,529966
CZ0316,530018
CZ0316,551571
CZ0316,536954
CZ0316,560201
CZ0316,551201
CZ0316,536466
CZ0316,536750
CZ0316,551392
CZ0316,598895
CZ0316,551597
CZ0316,563951
CZ0316,550850
CZ0316,551759
CZ0316,536792
CZ0316,536890
CZ0316,551627
CZ0316,536873
CZ0316,551155
CZ0316,551333
CZ0316,551643
CZ0316,529982
CZ0316,551635
CZ0316,560197
CZ0316,551414
CZ0316,598887
CZ0316,551678
CZ0316,536784
CZ0316,551937
CZ0316,536679
CZ0316,560405
CZ0316,551953
CZ0316,536741
CZ0316,598909
CZ0316,536920
CZ0316,551856
CZ0316,550981
CZ0316,551970
CZ0316,536423
CZ0316,536831
CZ0316,536806
CZ0316,536628
CZ0316,530034
CZ0316,551775
CZ0317,563587
CZ0317,563251
CZ0317,552666
CZ0317,563897
CZ0317,599042
CZ0317,549631
CZ0317,552585
CZ0317,598992
CZ0317,599280
CZ0317,599255
CZ0317,552224
CZ0317,552496
CZ0317,563145
CZ0317,553140
CZ0317,553239
CZ0317,552127
CZ0317,552461
CZ0317,563234
CZ0317,553298
CZ0317,552101
CZ0317,559016
CZ0317,552925
CZ0317,563153
CZ0317,552801
CZ0317,560634
CZ0317,560430
CZ0317,552798
CZ0317,552283
CZ0317,563455
CZ0317,560553
CZ0317,552828
CZ0317,560448
CZ0317,563927
CZ0317,563544
CZ0317,552721
CZ0317,563030
CZ0317,599115
CZ0317,553204
CZ0317,599123
CZ0317,553077
CZ0317,563447
CZ0317,562904
CZ0317,563650
CZ0317,553409
CZ0317,563374
CZ0317,551601
CZ0317,553166
CZ0317,563366
CZ0317,552135
CZ0317,553263
CZ0317,552704
CZ0317,560626
CZ0317,552470
CZ0317,552534
CZ0317,563625
CZ0317,552291
CZ0317,553034
CZ0317,530042
CZ0317,552054
CZ0317,552453
CZ0317,552852
CZ0317,599034
CZ0317,552895
CZ0317,599263
CZ0317,552321
CZ0317,599026
CZ0317,553085
CZ0317,552917
CZ0317,553280
CZ0317,563170
CZ0317,563307
CZ0317,553018
CZ0317,553417
CZ0317,553131
CZ0317,562963
CZ0317,560529
CZ0317,563765
CZ0317,599271
CZ0317,560511
CZ0317,553328
CZ0317,563986
CZ0317,552712
CZ0317,552861
CZ0317,552046
CZ0317,552933
CZ0317,552275
CZ0317,563722
CZ0317,552763
CZ0317,553174
CZ0317,562955
CZ0317,563196
CZ0317,553123
CZ0317,560669
CZ0317,552747
CZ0317,552976
CZ0317,552241
CZ0317,562866
CZ0317,560481
CZ0317,552992
CZ0317,552941
CZ0317,553361
CZ0317,552143
CZ0317,599000
CZ0317,553271
CZ0317,553069
CZ0317,553255
CZ0317,553182
CZ0317,553310
CZ0317,552097
CZ0317,552208
CZ0321,566250
CZ0321,554316
CZ0321,554111
CZ0321,553727
CZ0321,553514
CZ0321,553506
CZ0321,554057
CZ0321,566373
CZ0321,566365
CZ0321,554201
CZ0321,554448
CZ0321,553891
CZ0321,553999
CZ0321,599131
CZ0321,553930
CZ0321,553948
CZ0321,566136
CZ0321,554260
CZ0321,553620
CZ0321,553786
CZ0321,553824
CZ0321,553841
CZ0321,553671
CZ0321,553549
CZ0321,553557
CZ0321,553581
CZ0321,553867
CZ0321,554383
CZ0321,554405
CZ0321,566276
CZ0321,554391
CZ0321,553981
CZ0321,553573
CZ0321,554413
CZ0321,566161
CZ0321,554090
CZ0321,554154
CZ0321,566292
CZ0321,566071
CZ0321,553794
CZ0321,554189
CZ0321,554472
CZ0321,554278
CZ0321,553778
CZ0321,566101
CZ0321,599166
CZ0321,553433
CZ0321,554081
CZ0321,554073
CZ0321,566209
CZ0321,553441
CZ0321,554120
CZ0321,553689
CZ0321,566331
CZ0321,553859
CZ0321,566179
CZ0321,553921
CZ0321,553832
CZ0321,554006
CZ0321,554341
CZ0321,554138
CZ0321,566641
CZ0321,553425
CZ0321,554031
CZ0321,553654
CZ0321,553743
CZ0321,553662
CZ0321,554464
CZ0321,599182
CZ0321,554022
CZ0321,554294
CZ0321,554421
CZ0321,553735
CZ0321,566080
CZ0321,599174
CZ0321,554456
CZ0321,553751
CZ0321,553913
CZ0321,553450
CZ0321,553956
CZ0321,553816
CZ0321,566098
CZ0321,566144
CZ0321,554251
CZ0321,554359
CZ0322,556181
CZ0322,556751
CZ0322,578517
CZ0322,542059
CZ0322,541753
CZ0322,557111
CZ0322,556955
CZ0322,541885
CZ0322,556718
CZ0322,556254
CZ0322,578061
CZ0322,555771
CZ0322,542091
CZ0322,556394
CZ0322,578461
CZ0322,557463
CZ0322,578321
CZ0322,541796
CZ0322,557161
CZ0322,557137
CZ0322,556378
CZ0322,556041
CZ0322,555894
CZ0322,541915
CZ0322,556203
CZ0322,578070
CZ0322,556084
CZ0322,578533
CZ0322,578177
CZ0322,541869
CZ0322,578410
CZ0322,556068
CZ0322,578088
CZ0322,566683
CZ0322,556505
CZ0322,557374
CZ0322,542024
CZ0322,541931
CZ0322,541745
CZ0322,553531
CZ0322,556912
CZ0322,566055
CZ0322,578312
CZ0322,556319
CZ0322,557153
CZ0322,555797
CZ0322,542083
CZ0322,557013
CZ0322,556343
CZ0322,556921
CZ0322,557536
CZ0322,556335
CZ0322,541851
CZ0322,556815
CZ0322,541923
CZ0322,541826
CZ0322,557544
CZ0322,578436
CZ0322,557129
CZ0322,556726
CZ0322,557528
CZ0322,556301
CZ0322,542172
CZ0322,555941
CZ0322,578525
CZ0322,557099
CZ0322,553522
CZ0322,578495
CZ0322,530123
CZ0322,556637
CZ0322,557200
CZ0322,578240
CZ0322,555801
CZ0322,557005
CZ0322,541958
CZ0322,551686
CZ0322,556386
CZ0322,556831
CZ0322,557382
CZ0322,556106
CZ0322,556467
CZ0322,542148
CZ0322,541788
CZ0322,578223
CZ0322,556432
CZ0322,556629
CZ0322,557455
CZ0322,555835
CZ0322,556734
CZ0322,556076
CZ0322,541842
CZ0322,557021
CZ0322,557366
CZ0322,530085
CZ0323,557846
CZ0323,559130
CZ0323,578606
CZ0323,558966
CZ0323,554791
CZ0323,558427
CZ0323,553590
CZ0323,558460
CZ0323,540561
CZ0323,558371
CZ0323,540641
CZ0323,558141
CZ0323,558001
CZ0323,558851
CZ0323,539741
CZ0324,546399
CZ0324,557650
CZ0324,578614
CZ0324,542156
CZ0324,539783
CZ0324,557862
CZ0324,540102
CZ0324,558052
CZ0324,558303
CZ0324,557803
CZ0324,558630
CZ0324,540706
CZ0324,558559
CZ0324,578568
CZ0324,558389
CZ0324,557676
CZ0324,558494
CZ0324,540617
CZ0324,558591
CZ0324,540412
CZ0324,530131
CZ0324,558184
CZ0324,540633
CZ0324,558435
CZ0324,557668
CZ0324,540340
CZ0324,557684
CZ0324,539821
CZ0324,558125
CZ0324,578592
CZ0324,558176
CZ0324,558028
CZ0324,557951
CZ0324,539937
CZ0324,558117
CZ0324,557773
CZ0324,557749
CZ0324,558605
CZ0324,542296
CZ0324,540692
CZ0324,557587
CZ0324,540676
CZ0324,558231
CZ0324,557731
CZ0324,540668
CZ0324,558362
CZ0324,557781
CZ0324,540137
CZ0324,557897
CZ0324,540064
CZ0324,530182
CZ0324,558010
CZ0324,557838
CZ0324,540251
CZ0324,558311
CZ0324,557871
CZ0324,540528
CZ0324,558249
CZ0324,557722
CZ0324,539929
CZ0324,540421
CZ0324,540056
CZ0324,540463
CZ0324,558583
CZ0324,540200
CZ0324,558257
CZ0324,566705
CZ0324,566691
CZ0324,530140
CZ0324,578541
CZ0324,540293
CZ0324,540269
CZ0324,558567
CZ0324,553565
CZ0324,558109
CZ0324,558486
CZ0324,539945
CZ0324,558290
CZ0324,558346
CZ0324,558265
CZ0324,558095
CZ0324,558061
CZ0324,546372
CZ0324,558044
CZ0324,557943
CZ0324,539716
CZ0324,557641
CZ0324,540307
CZ0324,558401
CZ0324,558079
CZ0325,578797
CZ0325,530280
CZ0325,559202
CZ0325,566489
CZ0325,559091
CZ0325,559555
CZ0325,558931
CZ0325,578771
CZ0325,559351
CZ0325,578983
CZ0325,559075
CZ0325,559008
CZ0325,559245
CZ0325,566730
CZ0325,558699
CZ0325,559083
CZ0325,559369
CZ0325,558656
CZ0325,558672
CZ0325,559105
CZ0325,566471
CZ0325,559661
CZ0325,578924
CZ0325,558991
CZ0325,546411
CZ0325,567086
CZ0325,559423
CZ0325,559326
CZ0325,566594
CZ0325,566748
CZ0325,559709
CZ0325,530239
CZ0325,530336
CZ0325,558711
CZ0325,559431
CZ0325,558885
CZ0325,559628
CZ0325,559580
CZ0325,559253
CZ0325,566543
CZ0325,566462
CZ0325,559261
CZ0325,566390
CZ0325,538183
CZ0325,559334
CZ0325,559059
CZ0325,559164
CZ0325,559288
CZ0325,558915
CZ0325,558869
CZ0325,559521
CZ0325,566969
CZ0325,558745
CZ0325,559377
CZ0325,566497
CZ0325,558940
CZ0325,559067
CZ0325,558982
CZ0325,566446
CZ0325,559601
CZ0325,558788
CZ0325,559148
CZ0325,559504
CZ0325,558834
CZ0325,559563
CZ0325,559237
CZ0325,559695
CZ0325,559121
CZ0325,558796
CZ0325,558877
CZ0325,559679
CZ0325,530221
CZ0325,559172
CZ0325,566764
CZ0325,559482
CZ0325,559491
CZ0325,559032
CZ0325,559024
CZ0325,566632
CZ0325,559393
CZ0325,530271
CZ0325,530328
CZ0325,559041
CZ0325,559318
CZ0325,558800
CZ0325,559300
CZ0325,530247
CZ0325,559211
CZ0325,559270
CZ0325,558770
CZ0325,578827
CZ0325,553603
CZ0325,558974
CZ0325,566756
CZ0325,578665
CZ0325,559571
CZ0325,566420
CZ0325,566781
CZ0326,566837
CZ0326,559962
CZ0326,553611
CZ0326,579289
CZ0326,559768
CZ0326,559911
CZ0326,541141
CZ0326,567001
CZ0326,546534
CZ0326,560006
CZ0326,560014
CZ0326,566845
CZ0326,559741
CZ0326,559776
CZ0326,579343
CZ0326,559857
CZ0326,559717
CZ0326,560251
CZ0326,559750
CZ0326,506664
CZ0326,559946
CZ0326,559920
CZ0326,530379
CZ0326,541176
CZ0326,560235
CZ0326,559903
CZ0326,541001
CZ0326,560227
CZ0326,541095
CZ0326,559733
CZ0326,560111
CZ0326,566993
CZ0326,559849
CZ0326,560162
CZ0326,559814
CZ0326,579033
CZ0326,541061
CZ0326,559954
CZ0326,546551
CZ0326,560057
CZ0326,566942
CZ0326,559806
CZ0326,579009
CZ0326,579131
CZ0326,560260
CZ0326,559725
CZ0326,540803
CZ0326,559792
CZ0326,566811
CZ0326,579246
CZ0326,560120
CZ0326,530361
CZ0326,559997
CZ0326,540927
CZ0326,566802
CZ0326,541150
CZ0326,560189
CZ0326,560081
CZ0326,566799
CZ0326,579017
CZ0326,566861
CZ0326,559822
CZ0326,541192
CZ0326,546526
CZ0326,560146
CZ0326,546488
CZ0326,579084
CZ0326,540722
CZ0327,541664
CZ0327,566888
CZ0327,579467
CZ0327,561291
CZ0327,561304
CZ0327,561169
CZ0327,557081
CZ0327,561011
CZ0327,560758
CZ0327,541621
CZ0327,561223
CZ0327,561185
CZ0327,560910
CZ0327,541401
CZ0327,541486
CZ0327,561002
CZ0327,579491
CZ0327,560928
CZ0327,541443
CZ0327,560898
CZ0327,560723
CZ0327,541559
CZ0327,560855
CZ0327,561151
CZ0327,541460
CZ0327,561215
CZ0327,560715
CZ0327,560979
CZ0327,541290
CZ0327,560839
CZ0327,541362
CZ0327,560901
CZ0327,560863
CZ0327,541435
CZ0327,503916
CZ0327,541605
CZ0327,561193
CZ0327,561231
CZ0327,561134
CZ0327,560952
CZ0327,560782
CZ0327,579459
CZ0327,560812
CZ0327,560804
CZ0327,541494
CZ0327,541532
CZ0327,560740
CZ0327,541681
CZ0327,561258
CZ0327,541702
CZ0327,561207
CZ0411,554511
CZ0411,539279
CZ0411,554481
CZ0411,538868
CZ0411,538906
CZ0411,539619
CZ0411,554502
CZ0411,554812
CZ0411,538795
CZ0411,554545
CZ0411,554553
CZ0411,554880
CZ0411,554626
CZ0411,538817
CZ0411,539074
CZ0411,577979
CZ0411,578002
CZ0411,539023
CZ0411,554855
CZ0411,538922
CZ0411,539473
CZ0411,554651
CZ0411,539481
CZ0411,554596
CZ0411,539538
CZ0411,539431
CZ0411,539112
CZ0411,554634
CZ0411,554600
CZ0411,554618
CZ0411,554740
CZ0411,554529
CZ0411,554707
CZ0411,539376
CZ0411,554642
CZ0411,554693
CZ0411,554499
CZ0411,554677
CZ0411,539554
CZ0411,555631
CZ0412,555428
CZ0412,555029
CZ0412,538116
CZ0412,500101
CZ0412,537934
CZ0412,537926
CZ0412,556947
CZ0412,538027
CZ0412,555169
CZ0412,555347
CZ0412,551651
CZ0412,555045
CZ0412,537845
CZ0412,555584
CZ0412,578045
CZ0412,538159
CZ0412,555622
CZ0412,555452
CZ0412,555711
CZ0412,555207
CZ0412,500127
CZ0412,554961
CZ0412,555380
CZ0412,555533
CZ0412,555479
CZ0412,566675
CZ0412,555738
CZ0412,537870
CZ0412,554979
CZ0412,506621
CZ0412,555657
CZ0412,537918
CZ0412,554995
CZ0412,538019
CZ0412,506486
CZ0412,555444
CZ0412,555525
CZ0412,555215
CZ0412,578011
CZ0412,555762
CZ0412,555592
CZ0412,555304
CZ0412,537969
CZ0412,555681
CZ0412,555550
CZ0412,555258
CZ0412,555177
CZ0412,538001
CZ0412,555398
CZ0412,555614
CZ0412,506494
CZ0412,555363
CZ0412,555690
CZ0412,555185
CZ0412,555703
CZ0412,578029
CZ0413,560421
CZ0413,560570
CZ0413,560618
CZ0413,560502
CZ0413,560685
CZ0413,560294
CZ0413,538591
CZ0413,560600
CZ0413,538663
CZ0413,560707
CZ0413,538337
CZ0413,560561
CZ0413,579360
CZ0413,560324
CZ0413,560332
CZ0413,560651
CZ0413,560537
CZ0413,560413
CZ0413,560642
CZ0413,560464
CZ0413,560545
CZ0413,560456
CZ0413,560359
CZ0413,560375
CZ0413,560286
CZ0413,560316
CZ0413,560677
CZ0413,538434
CZ0413,560367
CZ0413,560308
CZ0413,560383
CZ0413,560341
CZ0413,538396
CZ0413,560588
CZ0413,511587
CZ0413,560596
CZ0413,560499
CZ0413,560472
CZ0421,562483
CZ0421,562874
CZ0421,562343
CZ0421,562700
CZ0421,562882
CZ0421,562530
CZ0421,562777
CZ0421,562718
CZ0421,562513
CZ0421,562947
CZ0421,562394
CZ0421,562645
CZ0421,530395
CZ0421,562793
CZ0421,545929
CZ0421,545783
CZ0421,530417
CZ0421,562661
CZ0421,546496
CZ0421,555193
CZ0421,562823
CZ0421,562335
CZ0421,545856
CZ0421,562912
CZ0421,544701
CZ0421,562611
CZ0421,545791
CZ0421,546453
CZ0421,562921
CZ0421,562751
CZ0421,545708
CZ0421,545899
CZ0421,562572
CZ0421,562939
CZ0421,545538
CZ0421,546330
CZ0421,562351
CZ0421,562521
CZ0421,545678
CZ0421,562581
CZ0421,544647
CZ0421,544680
CZ0421,562408
CZ0421,562858
CZ0421,562556
CZ0421,562505
CZ0421,562432
CZ0421,562891
CZ0421,562564
CZ0421,562441
CZ0421,566900
CZ0421,546348
CZ0422,563005
CZ0422,563102
CZ0422,562998
CZ0422,563498
CZ0422,546071
CZ0422,563412
CZ0422,563323
CZ0422,563315
CZ0422,562980
CZ0422,563471
CZ0422,563480
CZ0422,563340
CZ0422,562971
CZ0422,563064
CZ0422,563013
CZ0422,546062
CZ0422,563331
CZ0422,563056
CZ0422,563277
CZ0422,563021
CZ0422,563269
CZ0422,563218
CZ0422,563501
CZ0422,546160
CZ0422,563099
CZ0422,563242
CZ0422,563200
CZ0422,563111
CZ0422,563382
CZ0422,563226
CZ0422,563463
CZ0422,563285
CZ0422,563439
CZ0422,563358
CZ0422,563161
CZ0422,563404
CZ0422,563048
CZ0422,563188
CZ0422,563137
CZ0422,563129
CZ0422,563081
CZ0422,546518
CZ0422,563072
CZ0422,563293
CZ0423,564711
CZ0423,564699
CZ0423,564877
CZ0423,565211
CZ0423,565253
CZ0423,565873
CZ0423,565954
CZ0423,565059
CZ0423,565610
CZ0423,565067
CZ0423,565768
CZ0423,565105
CZ0423,542482
CZ0423,546755
CZ0423,542423
CZ0423,565245
CZ0423,505528
CZ0423,564648
CZ0423,546763
CZ0423,565911
CZ0423,565415
CZ0423,565890
CZ0423,565156
CZ0423,565091
CZ0423,564656
CZ0423,564567
CZ0423,565458
CZ0423,564893
CZ0423,546852
CZ0423,565814
CZ0423,546780
CZ0423,564613
CZ0423,565741
CZ0423,542440
CZ0423,553646
CZ0423,565237
CZ0423,564737
CZ0423,564770
CZ0423,565318
CZ0423,546828
CZ0423,565491
CZ0423,564753
CZ0423,565865
CZ0423,564842
CZ0423,564591
CZ0423,542491
CZ0423,565474
CZ0423,564940
CZ0423,565938
CZ0423,542407
CZ0423,565776
CZ0423,564931
CZ0423,565555
CZ0423,565849
CZ0423,565695
CZ0423,565024
CZ0423,542539
CZ0423,565300
CZ0423,565113
CZ0423,565121
CZ0423,565547
CZ0423,546721
CZ0423,565709
CZ0423,546691
CZ0423,542521
CZ0423,565679
CZ0423,565831
CZ0423,564851
CZ0423,565016
CZ0423,564958
CZ0423,565806
CZ0423,565296
CZ0423,565857
CZ0423,564672
CZ0423,564621
CZ0423,565903
CZ0423,565164
CZ0423,564745
CZ0423,565083
CZ0423,565881
CZ0423,565342
CZ0423,565032
CZ0423,546771
CZ0423,565148
CZ0423,564834
CZ0423,565521
CZ0423,565393
CZ0423,565946
CZ0423,565601
CZ0423,564923
CZ0423,564575
CZ0423,565598
CZ0423,565717
CZ0423,565075
CZ0423,564966
CZ0423,546810
CZ0423,565482
CZ0423,565172
CZ0423,565962
CZ0423,565229
CZ0423,530506
CZ0423,564729
CZ0423,565792
CZ0423,565431
CZ0423,564818
CZ0424,566608
CZ0424,566217
CZ0424,566021
CZ0424,566721
CZ0424,566918
CZ0424,543012
CZ0424,566527
CZ0424,566616
CZ0424,566560
CZ0424,566063
CZ0424,566578
CZ0424,530603
CZ0424,566586
CZ0424,566411
CZ0424,566004
CZ0424,546879
CZ0424,566322
CZ0424,530557
CZ0424,566934
CZ0424,530590
CZ0424,542628
CZ0424,546011
CZ0424,566438
CZ0424,566659
CZ0424,566233
CZ0424,546861
CZ0424,546429
CZ0424,530581
CZ0424,546887
CZ0424,566403
CZ0424,546895
CZ0424,565997
CZ0424,566624
CZ0424,566535
CZ0424,566519
CZ0424,566977
CZ0424,566853
CZ0424,566829
CZ0424,566314
CZ0424,566551
CZ0424,567019
CZ0424,566381
CZ0424,546178
CZ0424,542636
CZ0424,566195
CZ0424,566985
CZ0424,566306
CZ0424,566128
CZ0424,565971
CZ0424,566667
CZ0424,566896
CZ0424,566187
CZ0424,530565
CZ0424,566152
CZ0424,566951
CZ0424,542547
CZ0424,566454
CZ0424,566357
CZ0424,566349
CZ0424,566870
CZ0424,543128
CZ0424,542571
CZ0424,566926
CZ0424,566012
CZ0424,566284
CZ0424,566713
CZ0424,542580
CZ0424,542555
CZ0424,566501
CZ0424,566241
CZ0425,567302
CZ0425,567108
CZ0425,567027
CZ0425,567361
CZ0425,567299
CZ0425,567175
CZ0425,567337
CZ0425,567191
CZ0425,567426
CZ0425,567141
CZ0425,567256
CZ0425,567311
CZ0425,567281
CZ0425,567051
CZ0425,567078
CZ0425,567221
CZ0425,567060
CZ0425,567248
CZ0425,567043
CZ0425,567353
CZ0425,567345
CZ0425,546437
CZ0425,567272
CZ0425,567329
CZ0425,567167
CZ0425,567264
CZ0426,567469
CZ0426,567787
CZ0426,567558
CZ0426,567639
CZ0426,567566
CZ0426,546909
CZ0426,567710
CZ0426,567621
CZ0426,567752
CZ0426,567477
CZ0426,567523
CZ0426,567655
CZ0426,567612
CZ0426,567582
CZ0426,567833
CZ0426,567728
CZ0426,567485
CZ0426,567850
CZ0426,567531
CZ0426,567515
CZ0426,567884
CZ0426,567779
CZ0426,567841
CZ0426,567868
CZ0426,567761
CZ0426,567698
CZ0426,567507
CZ0426,567876
CZ0426,567442
CZ0426,567809
CZ0426,567647
CZ0426,567701
CZ0426,567604
CZ0426,567451
CZ0427,553697
CZ0427,568384
CZ0427,568295
CZ0427,568201
CZ0427,568058
CZ0427,568155
CZ0427,568091
CZ0427,567973
CZ0427,567957
CZ0427,568104
CZ0427,568015
CZ0427,546925
CZ0427,568287
CZ0427,568007
CZ0427,568147
CZ0427,568309
CZ0427,554804
CZ0427,568023
CZ0427,530620
CZ0427,568350
CZ0427,555223
CZ0427,567931
CZ0427,546186
CZ0511,562238
CZ0511,562092
CZ0511,562246
CZ0511,561410
CZ0511,546275
CZ0511,561738
CZ0511,561428
CZ0511,561746
CZ0511,561541
CZ0511,562025
CZ0511,562220
CZ0511,561622
CZ0511,562114
CZ0511,546267
CZ0511,561720
CZ0511,562203
CZ0511,562173
CZ0511,562297
CZ0511,561606
CZ0511,544337
CZ0511,561533
CZ0511,561592
CZ0511,561886
CZ0511,561380
CZ0511,561398
CZ0511,562050
CZ0511,514195
CZ0511,561665
CZ0511,561878
CZ0511,561479
CZ0511,561851
CZ0511,561991
CZ0511,553638
CZ0511,562076
CZ0511,514276
CZ0511,561983
CZ0511,562262
CZ0511,561959
CZ0511,561827
CZ0511,561835
CZ0511,514161
CZ0511,562017
CZ0511,561681
CZ0511,561401
CZ0511,561614
CZ0511,561894
CZ0511,546259
CZ0511,513890
CZ0511,561444
CZ0511,562131
CZ0511,561584
CZ0511,562106
CZ0511,561860
CZ0511,546283
CZ0511,530387
CZ0511,561495
CZ0511,546232
CZ0512,563579
CZ0512,563633
CZ0512,563714
CZ0512,563871
CZ0512,563528
CZ0512,563749
CZ0512,563731
CZ0512,563595
CZ0512,563536
CZ0512,563757
CZ0512,563552
CZ0512,563676
CZ0512,546585
CZ0512,563803
CZ0512,530425
CZ0512,563684
CZ0512,563609
CZ0512,563838
CZ0512,563790
CZ0512,563692
CZ0512,546577
CZ0512,563706
CZ0512,563641
CZ0512,563846
CZ0512,563510
CZ0512,563862
CZ0512,563773
CZ0512,563668
CZ0512,563820
CZ0512,563811
CZ0512,563781
CZ0512,563617
CZ0512,563561
CZ0512,563854
CZ0513,564061
CZ0513,530468
CZ0513,564184
CZ0513,564133
CZ0513,564141
CZ0513,564427
CZ0513,563960
CZ0513,563889
CZ0513,564079
CZ0513,564036
CZ0513,564516
CZ0513,564541
CZ0513,563919
CZ0513,564494
CZ0513,563935
CZ0513,544345
CZ0513,546658
CZ0513,564095
CZ0513,530433
CZ0513,564290
CZ0513,564028
CZ0513,564397
CZ0513,564231
CZ0513,564460
CZ0513,545996
CZ0513,564052
CZ0513,564532
CZ0513,564206
CZ0513,564176
CZ0513,564311
CZ0513,544531
CZ0513,564443
CZ0513,530484
CZ0513,563901
CZ0513,546631
CZ0513,563943
CZ0513,564109
CZ0513,544353
CZ0513,544582
CZ0513,545953
CZ0513,563994
CZ0513,545937
CZ0513,564435
CZ0513,546593
CZ0513,564168
CZ0513,564265
CZ0513,561631
CZ0513,564371
CZ0513,564451
CZ0513,564044
CZ0513,546607
CZ0513,564117
CZ0513,564401
CZ0513,561657
CZ0513,564281
CZ0513,564354
CZ0513,544604
CZ0513,544477
CZ0513,564303
CZ0514,547484
CZ0514,574201
CZ0514,577561
CZ0514,577375
CZ0514,577006
CZ0514,577324
CZ0514,577111
CZ0514,577081
CZ0514,577545
CZ0514,577201
CZ0514,577057
CZ0514,577049
CZ0514,577308
CZ0514,577553
CZ0514,577227
CZ0514,577413
CZ0514,577529
CZ0514,577464
CZ0514,577243
CZ0514,577031
CZ0514,577600
CZ0514,577316
CZ0514,577677
CZ0514,573418
CZ0514,576964
CZ0514,577669
CZ0514,577685
CZ0514,573400
CZ0514,577481
CZ0514,577448
CZ0514,577294
CZ0514,577367
CZ0514,577014
CZ0514,577596
CZ0514,577154
CZ0514,577120
CZ0514,577707
CZ0514,577723
CZ0514,577332
CZ0514,576972
CZ0514,577430
CZ0514,577642
CZ0514,577391
CZ0514,576981
CZ0514,577189
CZ0514,547476
CZ0514,576999
CZ0514,577651
CZ0514,577456
CZ0514,577146
CZ0514,577073
CZ0514,577472
CZ0514,577570
CZ0514,577235
CZ0514,577693
CZ0514,577162
CZ0514,577341
CZ0514,577405
CZ0514,577197
CZ0514,577626
CZ0514,577421
CZ0514,577219
CZ0514,577359
CZ0514,577499
CZ0514,577171
CZ0521,569887
CZ0521,573132
CZ0521,570192
CZ0521,571083
CZ0521,570958
CZ0521,570133
CZ0521,570419
CZ0521,570044
CZ0521,573779
CZ0521,570052
CZ0521,570702
CZ0521,569836
CZ0521,570168
CZ0521,569861
CZ0521,570907
CZ0521,570885
CZ0521,573744
CZ0521,569968
CZ0521,570478
CZ0521,576352
CZ0521,548677
CZ0521,569828
CZ0521,570877
CZ0521,513717
CZ0521,570915
CZ0521,569879
CZ0521,570427
CZ0521,570303
CZ0521,570869
CZ0521,570010
CZ0521,570567
CZ0521,570311
CZ0521,571091
CZ0521,569984
CZ0521,570575
CZ0521,570966
CZ0521,570354
CZ0521,569810
CZ0521,571130
CZ0521,571008
CZ0521,569925
CZ0521,573710
CZ0521,569917
CZ0521,570508
CZ0521,570397
CZ0521,570290
CZ0521,570150
CZ0521,570249
CZ0521,570800
CZ0521,570451
CZ0521,570176
CZ0521,570796
CZ0521,570087
CZ0521,570516
CZ0521,570257
CZ0521,571113
CZ0521,570494
CZ0521,548065
CZ0521,573621
CZ0521,570541
CZ0521,571105
CZ0521,570672
CZ0521,570001
CZ0521,570222
CZ0521,570532
CZ0521,576433
CZ0521,548154
CZ0521,573531
CZ0521,570265
CZ0521,573191
CZ0521,570320
CZ0521,570184
CZ0521,570851
CZ0521,570231
CZ0521,570028
CZ0521,569933
CZ0521,570273
CZ0521,570931
CZ0521,570834
CZ0521,570681
CZ0521,571024
CZ0521,570443
CZ0521,570401
CZ0521,570656
CZ0521,570109
CZ0521,570711
CZ0521,530671
CZ0521,569852
CZ0521,569941
CZ0521,571016
CZ0521,571041
CZ0521,548057
CZ0521,570729
CZ0521,571059
CZ0521,570362
CZ0521,570125
CZ0521,570206
CZ0521,570214
CZ0521,570648
CZ0521,569992
CZ0521,569976
CZ0521,570524
CZ0521,570745
CZ0521,570435
CZ0522,549088
CZ0522,573752
CZ0522,573175
CZ0522,573493
CZ0522,553701
CZ0522,572659
CZ0522,573451
CZ0522,573311
CZ0522,548944
CZ0522,548901
CZ0522,572829
CZ0522,573272
CZ0522,572667
CZ0522,573736
CZ0522,548952
CZ0522,549151
CZ0522,573141
CZ0522,573809
CZ0522,573833
CZ0522,549355
CZ0522,573248
CZ0522,573124
CZ0522,573671
CZ0522,573205
CZ0522,573507
CZ0522,573086
CZ0522,573795
CZ0522,572128
CZ0522,573060
CZ0522,572811
CZ0522,573337
CZ0522,549096
CZ0522,573647
CZ0522,549193
CZ0522,548898
CZ0522,549037
CZ0522,549312
CZ0522,573001
CZ0522,573701
CZ0522,548979
CZ0522,548855
CZ0522,573221
CZ0522,572144
CZ0522,573612
CZ0522,573256
CZ0522,573639
CZ0522,573302
CZ0522,573698
CZ0522,573230
CZ0522,573841
CZ0522,573761
CZ0522,573299
CZ0522,573523
CZ0522,548871
CZ0522,549223
CZ0522,572926
CZ0522,549282
CZ0522,573680
CZ0522,572900
CZ0522,573655
CZ0522,549100
CZ0522,572993
CZ0522,572756
CZ0522,573264
CZ0522,549274
CZ0522,572675
CZ0522,548910
CZ0522,573663
CZ0522,548961
CZ0522,573051
CZ0522,573353
CZ0522,573345
CZ0522,548863
CZ0522,549169
CZ0522,573477
CZ0522,549207
CZ0522,573213
CZ0522,573167
CZ0522,573183
CZ0522,573043
CZ0522,549029
CZ0522,573469
CZ0522,572837
CZ0522,548995
CZ0522,573540
CZ0522,549070
CZ0522,573361
CZ0522,572969
CZ0522,573108
CZ0522,573825
CZ0522,572136
CZ0522,572772
CZ0522,549118
CZ0522,548928
CZ0522,572047
CZ0522,549185
CZ0522,572705
CZ0522,573728
CZ0522,573329
CZ0522,548880
CZ0522,573281
CZ0522,573370
CZ0522,572781
CZ0522,530735
CZ0522,573442
CZ0522,573159
CZ0522,572187
CZ0522,573094
CZ0522,573116
CZ0522,573850
CZ0522,572918
CZ0523,574694
CZ0523,574147
CZ0523,574554
CZ0523,573388
CZ0523,574589
CZ0523,574546
CZ0523,574228
CZ0523,574538
CZ0523,547654
CZ0523,573957
CZ0523,547565
CZ0523,573906
CZ0523,574708
CZ0523,573990
CZ0523,574384
CZ0523,573892
CZ0523,547701
CZ0523,574562
CZ0523,574627
CZ0523,574368
CZ0523,547531
CZ0523,574571
CZ0523,574341
CZ0523,574252
CZ0523,574635
CZ0523,574651
CZ0523,573981
CZ0523,573973
CZ0523,574295
CZ0523,574431
CZ0523,574287
CZ0523,574279
CZ0523,574511
CZ0523,574121
CZ0523,547786
CZ0523,547646
CZ0523,574643
CZ0523,573868
CZ0523,574350
CZ0523,574376
CZ0523,574082
CZ0523,574031
CZ0523,574660
CZ0523,574171
CZ0523,574074
CZ0523,505099
CZ0523,574066
CZ0523,574244
CZ0523,574210
CZ0523,574457
CZ0523,573922
CZ0523,574490
CZ0523,547743
CZ0523,530786
CZ0523,574261
CZ0523,574686
CZ0523,573931
CZ0523,574058
CZ0523,574481
CZ0523,547727
CZ0523,574406
CZ0523,574465
CZ0523,574236
CZ0523,574155
CZ0523,574023
CZ0523,573914
CZ0523,574601
CZ0523,574422
CZ0523,574317
CZ0523,573884
CZ0523,547751
CZ0523,574015
CZ0523,574040
CZ0523,574163
CZ0523,574180
CZ0523,574139
CZ0523,574112
CZ0523,573965
CZ0524,576565
CZ0524,576085
CZ0524,576131
CZ0524,576441
CZ0524,576212
CZ0524,576883
CZ0524,576425
CZ0524,576549
CZ0524,576115
CZ0524,576654
CZ0524,548693
CZ0524,576689
CZ0524,576891
CZ0524,548758
CZ0524,576824
CZ0524,576875
CZ0524,576336
CZ0524,576204
CZ0524,576166
CZ0524,576603
CZ0524,576174
CZ0524,576077
CZ0524,576409
CZ0524,548707
CZ0524,576662
CZ0524,576930
CZ0524,576786
CZ0524,576701
CZ0524,576859
CZ0524,576557
CZ0524,548791
CZ0524,576310
CZ0524,576506
CZ0524,576191
CZ0524,576280
CZ0524,576727
CZ0524,576956
CZ0524,576361
CZ0524,576069
CZ0524,576450
CZ0524,576107
CZ0524,576182
CZ0524,576301
CZ0524,576808
CZ0524,576395
CZ0524,576573
CZ0524,576093
CZ0524,576743
CZ0524,576671
CZ0524,576221
CZ0524,576140
CZ0524,576247
CZ0524,548782
CZ0524,576921
CZ0524,576123
CZ0524,576476
CZ0524,576778
CZ0524,576794
CZ0524,576387
CZ0524,576263
CZ0524,576841
CZ0524,576522
CZ0524,576468
CZ0524,548723
CZ0524,576832
CZ0524,576751
CZ0524,576611
CZ0524,576620
CZ0524,548685
CZ0524,576816
CZ0524,576328
CZ0524,548642
CZ0524,548651
CZ0524,576948
CZ0524,576590
CZ0524,576492
CZ0524,548669
CZ0524,576581
CZ0524,576271
CZ0524,576735
CZ0525,579483
CZ0525,579734
CZ0525,579025
CZ0525,554863
CZ0525,579815
CZ0525,579424
CZ0525,548804
CZ0525,579220
CZ0525,579378
CZ0525,574597
CZ0525,579661
CZ0525,579335
CZ0525,548812
CZ0525,579271
CZ0525,579823
CZ0525,579327
CZ0525,579866
CZ0525,579602
CZ0525,579394
CZ0525,579190
CZ0525,579769
CZ0525,579254
CZ0525,579513
CZ0525,579173
CZ0525,579301
CZ0525,579629
CZ0525,579416
CZ0525,579114
CZ0525,579548
CZ0525,530808
CZ0525,579122
CZ0525,579475
CZ0525,579238
CZ0525,579858
CZ0525,579637
CZ0525,579408
CZ0525,546470
CZ0525,579777
CZ0525,579041
CZ0525,548821
CZ0525,579874
CZ0525,579068
CZ0525,579262
CZ0525,579599
CZ0525,579297
CZ0525,579203
CZ0525,579386
CZ0525,579581
CZ0525,579751
CZ0525,579181
CZ0525,579831
CZ0525,579441
CZ0525,579793
CZ0525,579432
CZ0525,548839
CZ0525,579092
CZ0525,579505
CZ0525,579106
CZ0525,579564
CZ0525,579742
CZ0525,579076
CZ0525,579149
CZ0525,579785
CZ0525,579165
CZ0525,579696
CZ0525,579530
CZ0525,579157
CZ0525,579726
CZ0525,579319
CZ0525,548847
CZ0525,579645
CZ0525,579050
CZ0525,579351
CZ0525,579211
CZ0525,579556
CZ0531,571504
CZ0531,572462
CZ0531,572551
CZ0531,572578
CZ0531,504301
CZ0531,572454
CZ0531,572268
CZ0531,571181
CZ0531,571661
CZ0531,572241
CZ0531,547824
CZ0531,572420
CZ0531,547875
CZ0531,573787
CZ0531,504955
CZ0531,572276
CZ0531,547816
CZ0531,571903
CZ0531,571628
CZ0531,572501
CZ0531,571580
CZ0531,571474
CZ0531,571911
CZ0531,571547
CZ0531,572098
CZ0531,572390
CZ0531,572152
CZ0531,571377
CZ0531,571300
CZ0531,504807
CZ0531,554847
CZ0531,572471
CZ0531,505005
CZ0531,571831
CZ0531,547808
CZ0531,571962
CZ0531,571857
CZ0531,571237
CZ0531,571725
CZ0531,574104
CZ0531,571768
CZ0531,571873
CZ0531,547891
CZ0531,572446
CZ0531,572322
CZ0531,572641
CZ0531,573817
CZ0531,571709
CZ0531,572101
CZ0531,572179
CZ0531,571245
CZ0531,571610
CZ0531,571458
CZ0531,547794
CZ0531,571491
CZ0531,572527
CZ0531,572497
CZ0531,571385
CZ0531,571539
CZ0531,572381
CZ0531,572004
CZ0531,571652
CZ0531,571202
CZ0531,571482
CZ0531,571440
CZ0531,572411
CZ0531,571890
CZ0531,554952
CZ0531,572225
CZ0531,571563
CZ0531,572110
CZ0531,572039
CZ0531,572535
CZ0531,571571
CZ0531,572314
CZ0531,547832
CZ0531,571822
CZ0531,571270
CZ0531,572161
CZ0531,572071
CZ0531,571466
CZ0531,571253
CZ0531,572080
CZ0531,571776
CZ0531,572331
CZ0531,547867
CZ0531,574091
CZ0531,571750
CZ0531,547859
CZ0531,571296
CZ0531,572063
CZ0531,572403
CZ0531,571164
CZ0531,571393
CZ0531,572217
CZ0531,571733
CZ0531,574007
CZ0531,505030
CZ0531,572349
CZ0531,571229
CZ0531,573949
CZ0531,530697
CZ0531,504921
CZ0531,547841
CZ0531,556882
CZ0531,573876
CZ0531,571407
CZ0531,572543
CZ0532,572951
CZ0532,575968
CZ0532,575739
CZ0532,575771
CZ0532,575810
CZ0532,572985
CZ0532,574961
CZ0532,574902
CZ0532,575615
CZ0532,575640
CZ0532,575879
CZ0532,575666
CZ0532,574198
CZ0532,576018
CZ0532,575429
CZ0532,575593
CZ0532,574996
CZ0532,572802
CZ0532,575569
CZ0532,573027
CZ0532,575097
CZ0532,575470
CZ0532,575445
CZ0532,575704
CZ0532,572942
CZ0532,575259
CZ0532,574791
CZ0532,575917
CZ0532,575658
CZ0532,572870
CZ0532,575143
CZ0532,575828
CZ0532,574856
CZ0532,574741
CZ0532,576026
CZ0532,574813
CZ0532,574724
CZ0532,530794
CZ0532,574830
CZ0532,572853
CZ0532,575763
CZ0532,575381
CZ0532,574864
CZ0532,575135
CZ0532,575101
CZ0532,572934
CZ0532,572977
CZ0532,574783
CZ0532,574848
CZ0532,575577
CZ0532,575607
CZ0532,574929
CZ0532,575780
CZ0532,575437
CZ0532,575054
CZ0532,574767
CZ0532,573035
CZ0532,575755
CZ0532,575721
CZ0532,575194
CZ0532,574988
CZ0532,575941
CZ0532,555134
CZ0532,575089
CZ0532,575887
CZ0532,575071
CZ0532,575526
CZ0532,572845
CZ0532,572799
CZ0532,575933
CZ0532,572764
CZ0532,576051
CZ0532,574911
CZ0532,573515
CZ0532,575518
CZ0532,576042
CZ0532,575313
CZ0532,575844
CZ0532,573019
CZ0532,576000
CZ0532,575399
CZ0532,575178
CZ0532,574805
CZ0532,575623
CZ0532,575011
CZ0532,574899
CZ0532,575330
CZ0532,575232
CZ0532,575712
CZ0532,572888
CZ0532,575046
CZ0532,575534
CZ0532,575984
CZ0532,575992
CZ0532,572861
CZ0532,575305
CZ0532,574953
CZ0532,572896
CZ0532,573078
CZ0532,575551
CZ0532,575461
CZ0532,574821
CZ0532,575500
CZ0532,575119
CZ0532,575127
CZ0532,575682
CZ0532,553719
CZ0532,575062
CZ0532,575372
CZ0532,575909
CZ0532,575925
CZ0532,575151
CZ0533,578843
CZ0533,578916
CZ0533,572594
CZ0533,578673
CZ0533,572284
CZ0533,578258
CZ0533,578703
CZ0533,572438
CZ0533,578657
CZ0533,577812
CZ0533,505145
CZ0533,577995
CZ0533,578819
CZ0533,578291
CZ0533,578584
CZ0533,578207
CZ0533,578908
CZ0533,572624
CZ0533,572683
CZ0533,578932
CZ0533,572616
CZ0533,578941
CZ0533,578835
CZ0533,578754
CZ0533,578894
CZ0533,578231
CZ0533,578096
CZ0533,578339
CZ0533,572195
CZ0533,572721
CZ0533,580694
CZ0533,572519
CZ0533,572357
CZ0533,578720
CZ0533,577774
CZ0533,572713
CZ0533,578690
CZ0533,578142
CZ0533,578886
CZ0533,578622
CZ0533,578371
CZ0533,578398
CZ0533,578151
CZ0533,578380
CZ0533,578576
CZ0533,578118
CZ0533,572365
CZ0533,578304
CZ0533,578215
CZ0533,578801
CZ0533,578631
CZ0533,574325
CZ0533,577871
CZ0533,572586
CZ0533,572632
CZ0533,572691
CZ0533,574309
CZ0533,578509
CZ0533,577863
CZ0533,578789
CZ0533,577928
CZ0533,572292
CZ0533,578134
CZ0533,578053
CZ0533,577898
CZ0533,578959
CZ0533,572748
CZ0533,578274
CZ0533,505391
CZ0533,578401
CZ0533,578991
CZ0533,578282
CZ0533,578878
CZ0533,578452
CZ0533,577839
CZ0533,578266
CZ0533,572560
CZ0533,581127
CZ0533,578355
CZ0533,578762
CZ0533,577910
CZ0533,577987
CZ0533,572730
CZ0533,577731
CZ0533,574333
CZ0533,578428
CZ0533,578681
CZ0533,577821
CZ0533,578444
CZ0533,580325
CZ0533,578975
CZ0533,578967
CZ0533,578037
CZ0533,572608
CZ0533,578100
CZ0533,578363
CZ0533,578550
CZ0533,572233
CZ0533,572250
CZ0533,578746
CZ0533,572373
CZ0533,578860
CZ0533,578738
CZ0533,577936
CZ0533,578185
CZ0533,578487
CZ0533,578169
CZ0533,578347
CZ0533,578479
CZ0533,577944
CZ0533,578126
CZ0533,577961
CZ0533,578649
CZ0533,578193
CZ0533,578711
CZ0533,578851
CZ0534,580708
CZ0534,580058
CZ0534,547964
CZ0534,580988
CZ0534,580589
CZ0534,580996
CZ0534,547905
CZ0534,581259
CZ0534,581224
CZ0534,580163
CZ0534,580775
CZ0534,580929
CZ0534,581151
CZ0534,580881
CZ0534,580945
CZ0534,580651
CZ0534,547981
CZ0534,580279
CZ0534,579971
CZ0534,580635
CZ0534,574449
CZ0534,580261
CZ0534,575861
CZ0534,581208
CZ0534,580830
CZ0534,581071
CZ0534,581267
CZ0534,580147
CZ0534,581089
CZ0534,579947
CZ0534,580643
CZ0534,579998
CZ0534,580066
CZ0534,580414
CZ0534,580716
CZ0534,572209
CZ0534,581275
CZ0534,548022
CZ0534,580490
CZ0534,580848
CZ0534,580902
CZ0534,548014
CZ0534,580783
CZ0534,548006
CZ0534,580511
CZ0534,581046
CZ0534,580376
CZ0534,581038
CZ0534,580660
CZ0534,580333
CZ0534,571695
CZ0534,580805
CZ0534,580619
CZ0534,581194
CZ0534,572489
CZ0534,581178
CZ0534,580821
CZ0534,580678
CZ0534,575542
CZ0534,581101
CZ0534,580431
CZ0534,580686
CZ0534,580724
CZ0534,572306
CZ0534,580040
CZ0534,581143
CZ0534,581011
CZ0534,580759
CZ0534,571920
CZ0534,580872
CZ0534,580392
CZ0534,580210
CZ0534,580031
CZ0534,580970
CZ0534,581232
CZ0534,581216
CZ0534,580350
CZ0534,580121
CZ0534,574392
CZ0534,580627
CZ0534,581186
CZ0534,581119
CZ0534,555240
CZ0534,580074
CZ0534,581054
CZ0534,547921
CZ0534,573426
CZ0534,548049
CZ0534,553760
CZ0534,581062
CZ0534,580538
CZ0534,580015
CZ0534,580091
CZ0534,579963
CZ0534,580571
CZ0534,580503
CZ0534,580295
CZ0534,580961
CZ0534,579891
CZ0534,581003
CZ0534,580465
CZ0534,580406
CZ0534,580732
CZ0534,580228
CZ0534,580741
CZ0534,580341
CZ0534,580562
CZ0534,580023
CZ0534,579980
CZ0534,580422
CZ0534,548031
CZ0534,580767
CZ0534,547972
CZ0534,580112
CZ0534,580481
CZ0631,568619
CZ0631,548189
CZ0631,548359
CZ0631,548618
CZ0631,548413
CZ0631,568651
CZ0631,569569
CZ0631,569470
CZ0631,569712
CZ0631,548341
CZ0631,548251
CZ0631,569321
CZ0631,569313
CZ0631,569232
CZ0631,569216
CZ0631,568678
CZ0631,568881
CZ0631,568856
CZ0631,568503
CZ0631,569640
CZ0631,569704
CZ0631,569224
CZ0631,546216
CZ0631,573582
CZ0631,568660
CZ0631,568945
CZ0631,568694
CZ0631,548421
CZ0631,569739
CZ0631,569674
CZ0631,548243
CZ0631,569780
CZ0631,569402
CZ0631,530662
CZ0631,548308
CZ0631,568899
CZ0631,546194
CZ0631,548197
CZ0631,548260
CZ0631,569348
CZ0631,569801
CZ0631,569151
CZ0631,569208
CZ0631,568414
CZ0631,568708
CZ0631,573566
CZ0631,548375
CZ0631,568465
CZ0631,568635
CZ0631,548529
CZ0631,569623
CZ0631,569020
CZ0631,568601
CZ0631,569399
CZ0631,548481
CZ0631,569534
CZ0631,548499
CZ0631,548324
CZ0631,569291
CZ0631,568597
CZ0631,548634
CZ0631,568996
CZ0631,573604
CZ0631,573558
CZ0631,573574
CZ0631,573591
CZ0631,548596
CZ0631,569062
CZ0631,548537
CZ0631,569721
CZ0631,569488
CZ0631,569518
CZ0631,548286
CZ0631,568902
CZ0631,569089
CZ0631,548626
CZ0631,569241
CZ0631,569011
CZ0631,569691
CZ0631,568805
CZ0631,568520
CZ0631,548553
CZ0631,569186
CZ0631,568953
CZ0631,569682
CZ0631,569411
CZ0631,568783
CZ0631,569585
CZ0631,569658
CZ0631,569038
CZ0631,569046
CZ0631,568767
CZ0631,568988
CZ0631,568490
CZ0631,569127
CZ0631,569615
CZ0631,548430
CZ0631,568759
CZ0631,548448
CZ0631,569364
CZ0631,569593
CZ0631,530646
CZ0631,548316
CZ0631,548570
CZ0631,568937
CZ0631,568970
CZ0631,568538
CZ0631,548278
CZ0631,569160
CZ0631,569429
CZ0631,530654
CZ0631,568848
CZ0631,568457
CZ0631,548588
CZ0631,568724
CZ0631,555266
CZ0631,568821
CZ0631,568929
CZ0631,569071
CZ0631,569461
CZ0632,587338
CZ0632,587800
CZ0632,587532
CZ0632,587982
CZ0632,587478
CZ0632,587761
CZ0632,587290
CZ0632,586897
CZ0632,588229
CZ0632,587222
CZ0632,587141
CZ0632,587435
CZ0632,590843
CZ0632,588024
CZ0632,588130
CZ0632,587885
CZ0632,587788
CZ0632,588181
CZ0632,587575
CZ0632,586951
CZ0632,587451
CZ0632,587095
CZ0632,587401
CZ0632,506729
CZ0632,587192
CZ0632,587672
CZ0632,587494
CZ0632,587923
CZ0632,587087
CZ0632,587524
CZ0632,587567
CZ0632,588148
CZ0632,587991
CZ0632,587427
CZ0632,588288
CZ0632,587231
CZ0632,587656
CZ0632,587702
CZ0632,586943
CZ0632,587559
CZ0632,587168
CZ0632,550281
CZ0632,588253
CZ0632,587371
CZ0632,587036
CZ0632,586978
CZ0632,587711
CZ0632,587362
CZ0632,587079
CZ0632,587648
CZ0632,550299
CZ0632,587486
CZ0632,588105
CZ0632,588113
CZ0632,587214
CZ0632,588091
CZ0632,586889
CZ0632,588270
CZ0632,587150
CZ0632,590681
CZ0632,587826
CZ0632,587125
CZ0632,587443
CZ0632,587303
CZ0632,587745
CZ0632,587915
CZ0632,587796
CZ0632,588067
CZ0632,547255
CZ0632,588156
CZ0632,587273
CZ0632,587001
CZ0632,588121
CZ0632,588202
CZ0632,588041
CZ0632,587630
CZ0632,586862
CZ0632,587184
CZ0632,587028
CZ0632,587320
CZ0632,587834
CZ0632,587061
CZ0632,588032
CZ0632,587931
CZ0632,587281
CZ0632,588008
CZ0632,588199
CZ0632,587419
CZ0632,587851
CZ0632,587818
CZ0632,587265
CZ0632,587681
CZ0632,588164
CZ0632,587249
CZ0632,587206
CZ0632,587613
CZ0632,586927
CZ0632,587940
CZ0632,587010
CZ0632,586854
CZ0632,586846
CZ0632,587541
CZ0632,587958
CZ0632,588075
CZ0632,588245
CZ0632,590371
CZ0632,588261
CZ0632,586986
CZ0632,587346
CZ0632,588083
CZ0632,586901
CZ0632,587117
CZ0632,588211
CZ0632,587109
CZ0632,587591
CZ0632,587583
CZ0632,587621
CZ0632,588172
CZ0632,587508
CZ0632,587044
CZ0632,587389
CZ0632,587176
CZ0632,587877
CZ0633,537594
CZ0633,547735
CZ0633,561142
CZ0633,548383
CZ0633,548405
CZ0633,598721
CZ0633,548545
CZ0633,561941
CZ0633,561100
CZ0633,537691
CZ0633,537730
CZ0633,561355
CZ0633,547760
CZ0633,561908
CZ0633,561339
CZ0633,561371
CZ0633,551589
CZ0633,598666
CZ0633,561819
CZ0633,561126
CZ0633,561762
CZ0633,547492
CZ0633,548502
CZ0633,548146
CZ0633,561096
CZ0633,549231
CZ0633,548367
CZ0633,562041
CZ0633,547999
CZ0633,598755
CZ0633,598704
CZ0633,548081
CZ0633,561240
CZ0633,549134
CZ0633,548472
CZ0633,537608
CZ0633,548090
CZ0633,561312
CZ0633,547948
CZ0633,561967
CZ0633,562009
CZ0633,561754
CZ0633,549061
CZ0633,529826
CZ0633,547883
CZ0633,547778
CZ0633,537829
CZ0633,548219
CZ0633,549011
CZ0633,561801
CZ0633,548511
CZ0633,561118
CZ0633,548073
CZ0633,561282
CZ0633,549045
CZ0633,548936
CZ0633,561924
CZ0633,529869
CZ0633,529834
CZ0633,547549
CZ0633,548171
CZ0633,561321
CZ0633,547956
CZ0633,598771
CZ0633,561461
CZ0633,561843
CZ0633,548103
CZ0633,561452
CZ0633,547689
CZ0633,548111
CZ0633,561487
CZ0633,548162
CZ0633,548766
CZ0633,548464
CZ0633,549126
CZ0633,548332
CZ0633,561347
CZ0633,549142
CZ0633,547581
CZ0633,548227
CZ0633,561363
CZ0633,548235
CZ0633,548740
CZ0633,598712
CZ0633,548987
CZ0633,561177
CZ0633,561771
CZ0633,549053
CZ0633,599239
CZ0633,561436
CZ0633,548600
CZ0633,548120
CZ0633,561789
CZ0633,561274
CZ0633,549002
CZ0633,548774
CZ0633,547638
CZ0633,549215
CZ0633,509418
CZ0633,548561
CZ0633,548731
CZ0633,547719
CZ0633,561266
CZ0633,547913
CZ0633,551546
CZ0633,561932
CZ0633,549177
CZ0633,561975
CZ0633,562033
CZ0633,547662
CZ0633,547603
CZ0633,561916
CZ0633,548391
CZ0633,548715
CZ0633,547930
CZ0633,548456
CZ0633,509388
CZ0633,548201
CZ0633,598763
CZ0633,561797
CZ0634,591157
CZ0634,591947
CZ0634,591726
CZ0634,591416
CZ0634,590428
CZ0634,544957
CZ0634,591432
CZ0634,590410
CZ0634,591394
CZ0634,590878
CZ0634,591459
CZ0634,591955
CZ0634,591149
CZ0634,591807
CZ0634,587460
CZ0634,590592
CZ0634,590550
CZ0634,587699
CZ0634,550639
CZ0634,550477
CZ0634,591114
CZ0634,591327
CZ0634,590525
CZ0634,591858
CZ0634,591181
CZ0634,590347
CZ0634,591602
CZ0634,591301
CZ0634,545031
CZ0634,590444
CZ0634,590649
CZ0634,590452
CZ0634,591122
CZ0634,590274
CZ0634,590614
CZ0634,591564
CZ0634,591378
CZ0634,590754
CZ0634,553964
CZ0634,591823
CZ0634,591998
CZ0634,590363
CZ0634,587605
CZ0634,590517
CZ0634,591424
CZ0634,591297
CZ0634,591009
CZ0634,550566
CZ0634,550710
CZ0634,590282
CZ0634,590584
CZ0634,591319
CZ0634,590827
CZ0634,590665
CZ0634,590631
CZ0634,591092
CZ0634,591335
CZ0634,591645
CZ0634,591491
CZ0634,590819
CZ0634,554871
CZ0634,590487
CZ0634,591904
CZ0634,590312
CZ0634,590941
CZ0634,550507
CZ0634,591980
CZ0634,591441
CZ0634,550493
CZ0634,544833
CZ0634,590673
CZ0634,591025
CZ0634,591793
CZ0634,590509
CZ0634,591912
CZ0634,591211
CZ0634,591254
CZ0634,591262
CZ0634,550591
CZ0634,591238
CZ0634,591408
CZ0634,550469
CZ0634,545040
CZ0634,573485
CZ0634,590479
CZ0634,590789
CZ0634,591742
CZ0634,590916
CZ0634,591866
CZ0634,590568
CZ0634,591068
CZ0634,550311
CZ0634,590495
CZ0634,550779
CZ0634,590851
CZ0634,545180
CZ0634,591963
CZ0634,591289
CZ0634,590797
CZ0634,590967
CZ0634,591190
CZ0634,590622
CZ0634,591521
CZ0634,590401
CZ0634,591785
CZ0634,591611
CZ0634,591220
CZ0634,590975
CZ0634,591769
CZ0634,590576
CZ0634,590266
CZ0634,591246
CZ0634,510645
CZ0634,546933
CZ0634,545309
CZ0634,591874
CZ0634,590711
CZ0634,590894
CZ0634,590991
CZ0634,511242
CZ0634,550302
CZ0634,590690
CZ0634,590304
CZ0634,550612
CZ0634,590321
CZ0634,591815
CZ0634,591637
CZ0634,591548
CZ0634,550388
CZ0634,544876
CZ0634,591505
CZ0634,590436
CZ0634,591777
CZ0634,591939
CZ0634,510980
CZ0634,590533
CZ0634,591688
CZ0634,591840
CZ0634,587664
CZ0634,590762
CZ0634,590801
CZ0634,591556
CZ0634,590835
CZ0634,591700
CZ0634,590461
CZ0634,590746
CZ0634,590886
CZ0634,591165
CZ0634,590657
CZ0634,511307
CZ0634,550400
CZ0634,510556
CZ0634,591173
CZ0634,590703
CZ0634,588342
CZ0634,590983
CZ0634,550370
CZ0634,590959
CZ0634,590908
CZ0634,591581
CZ0634,591629
CZ0634,544752
CZ0634,591360
CZ0634,590380
CZ0634,590860
CZ0634,591041
CZ0634,511081
CZ0635,595730
CZ0635,595659
CZ0635,595438
CZ0635,596795
CZ0635,596680
CZ0635,596418
CZ0635,595896
CZ0635,595845
CZ0635,595241
CZ0635,596477
CZ0635,596086
CZ0635,596396
CZ0635,596345
CZ0635,596809
CZ0635,595471
CZ0635,596183
CZ0635,596051
CZ0635,596817
CZ0635,595578
CZ0635,587842
CZ0635,587737
CZ0635,596001
CZ0635,596370
CZ0635,597040
CZ0635,588059
CZ0635,597112
CZ0635,596515
CZ0635,597007
CZ0635,596132
CZ0635,595535
CZ0635,595411
CZ0635,595641
CZ0635,595683
CZ0635,596094
CZ0635,595969
CZ0635,596973
CZ0635,549924
CZ0635,595217
CZ0635,596205
CZ0635,596361
CZ0635,595675
CZ0635,596230
CZ0635,595209
CZ0635,595926
CZ0635,596213
CZ0635,587974
CZ0635,596531
CZ0635,595977
CZ0635,597139
CZ0635,596221
CZ0635,595772
CZ0635,595888
CZ0635,595802
CZ0635,596868
CZ0635,596558
CZ0635,595721
CZ0635,597074
CZ0635,596248
CZ0635,595454
CZ0635,591831
CZ0635,596116
CZ0635,596957
CZ0635,596710
CZ0635,597147
CZ0635,596612
CZ0635,596566
CZ0635,596728
CZ0635,595900
CZ0635,597031
CZ0635,596906
CZ0635,595586
CZ0635,595713
CZ0635,597066
CZ0635,595284
CZ0635,596434
CZ0635,596965
CZ0635,596507
CZ0635,596981
CZ0635,596701
CZ0635,595811
CZ0635,595420
CZ0635,597091
CZ0635,588237
CZ0635,595357
CZ0635,596833
CZ0635,597058
CZ0635,596337
CZ0635,595381
CZ0635,596787
CZ0635,596159
CZ0635,549916
CZ0635,596604
CZ0635,549886
CZ0635,595403
CZ0635,595829
CZ0635,595250
CZ0635,596949
CZ0635,595748
CZ0635,596752
CZ0635,596647
CZ0635,595870
CZ0635,596922
CZ0635,596329
CZ0635,596272
CZ0635,596141
CZ0635,596761
CZ0635,595705
CZ0635,595462
CZ0635,596931
CZ0635,596019
CZ0635,549941
CZ0635,595918
CZ0635,549959
CZ0635,595349
CZ0635,597155
CZ0635,596523
CZ0635,595519
CZ0635,596485
CZ0635,595489
CZ0635,597163
CZ0635,596353
CZ0635,597121
CZ0635,596671
CZ0635,596850
CZ0635,588016
CZ0635,596914
CZ0635,596035
CZ0635,596825
CZ0635,596540
CZ0635,596884
CZ0635,596108
CZ0635,596574
CZ0635,549835
CZ0635,595306
CZ0635,587516
CZ0635,596493
CZ0635,596281
CZ0635,587893
CZ0635,587753
CZ0635,595951
CZ0635,587770
CZ0635,595853
CZ0635,595624
CZ0635,596469
CZ0635,597015
CZ0635,595861
CZ0635,597082
CZ0635,596736
CZ0635,595501
CZ0635,587869
CZ0635,596841
CZ0635,595276
CZ0635,596264
CZ0635,595268
CZ0635,596388
CZ0635,596060
CZ0635,596744
CZ0635,595292
CZ0635,595608
CZ0635,595390
CZ0635,595756
CZ0635,596663
CZ0635,588334
CZ0635,596256
CZ0635,595594
CZ0635,596639
CZ0635,511412
CZ0635,595322
CZ0635,596990
CZ0635,596655
CZ0635,596876
CZ0635,595365
CZ0635,596442
CZ0635,596451
CZ0641,531006
CZ0641,582557
CZ0641,581836
CZ0641,530824
CZ0641,582727
CZ0641,582603
CZ0641,582069
CZ0641,581534
CZ0641,582409
CZ0641,582611
CZ0641,581992
CZ0641,581461
CZ0641,582166
CZ0641,554162
CZ0641,581879
CZ0641,582077
CZ0641,581739
CZ0641,581852
CZ0641,582182
CZ0641,581861
CZ0641,553875
CZ0641,581721
CZ0641,586005
CZ0641,582034
CZ0641,581372
CZ0641,582662
CZ0641,581313
CZ0641,582531
CZ0641,581631
CZ0641,581844
CZ0641,581356
CZ0641,582441
CZ0641,581291
CZ0641,581780
CZ0641,582212
CZ0641,581593
CZ0641,581364
CZ0641,582018
CZ0641,582158
CZ0641,582107
CZ0641,581682
CZ0641,581445
CZ0641,582352
CZ0641,581801
CZ0641,582085
CZ0641,513695
CZ0641,582433
CZ0641,581526
CZ0641,582743
CZ0641,582646
CZ0641,582280
CZ0641,581569
CZ0641,582115
CZ0641,581755
CZ0641,582310
CZ0641,581763
CZ0641,582395
CZ0641,582760
CZ0641,582204
CZ0641,581496
CZ0641,582026
CZ0641,582221
CZ0641,581909
CZ0641,581666
CZ0641,582131
CZ0641,553883
CZ0641,582492
CZ0641,582620
CZ0641,582271
CZ0641,581810
CZ0641,556963
CZ0641,581968
CZ0641,581771
CZ0641,581933
CZ0641,513709
CZ0641,581941
CZ0641,581887
CZ0641,582581
CZ0641,581798
CZ0641,582654
CZ0641,581925
CZ0641,582042
CZ0641,581283
CZ0641,581917
CZ0641,582778
CZ0641,582671
CZ0641,582417
CZ0641,582573
CZ0641,582590
CZ0641,586064
CZ0641,581453
CZ0641,581381
CZ0641,581950
CZ0641,581470
CZ0641,582689
CZ0641,582468
CZ0641,581500
CZ0641,582476
CZ0641,582484
CZ0641,581828
CZ0641,581518
CZ0641,582298
CZ0641,581330
CZ0641,582336
CZ0641,582328
CZ0641,582344
CZ0641,581542
CZ0641,582247
CZ0641,581551
CZ0641,582506
CZ0641,582701
CZ0641,582751
CZ0641,582191
CZ0641,534692
CZ0641,582239
CZ0641,581615
CZ0642,582786
CZ0643,583529
CZ0643,583324
CZ0643,583596
CZ0643,584070
CZ0643,595560
CZ0643,584100
CZ0643,583669
CZ0643,595837
CZ0643,584151
CZ0643,549789
CZ0643,582824
CZ0643,595314
CZ0643,583201
CZ0643,582875
CZ0643,583090
CZ0643,583251
CZ0643,584266
CZ0643,597104
CZ0643,584801
CZ0643,583413
CZ0643,585025
CZ0643,583511
CZ0643,583464
CZ0643,583910
CZ0643,583537
CZ0643,583171
CZ0643,583499
CZ0643,584029
CZ0643,583502
CZ0643,583979
CZ0643,583740
CZ0643,581429
CZ0643,583880
CZ0643,549738
CZ0643,583341
CZ0643,549908
CZ0643,583243
CZ0643,583553
CZ0643,582956
CZ0643,582891
CZ0643,596191
CZ0643,506699
CZ0643,595446
CZ0643,584207
CZ0643,583774
CZ0643,583219
CZ0643,585033
CZ0643,582255
CZ0643,594377
CZ0643,583758
CZ0643,596892
CZ0643,584193
CZ0643,583057
CZ0643,583472
CZ0643,582735
CZ0643,583839
CZ0643,583677
CZ0643,582450
CZ0643,583278
CZ0643,583804
CZ0643,583952
CZ0643,584002
CZ0643,596175
CZ0643,550272
CZ0643,595993
CZ0643,582808
CZ0643,583456
CZ0643,583197
CZ0643,583421
CZ0643,584223
CZ0643,582794
CZ0643,583154
CZ0643,582859
CZ0643,583286
CZ0643,583863
CZ0643,584053
CZ0643,594962
CZ0643,594903
CZ0643,584185
CZ0643,596582
CZ0643,582964
CZ0643,549746
CZ0643,583120
CZ0643,595934
CZ0643,583715
CZ0643,583111
CZ0643,584061
CZ0643,583898
CZ0643,583723
CZ0643,584126
CZ0643,581976
CZ0643,596078
CZ0643,582883
CZ0643,583316
CZ0643,583391
CZ0643,583227
CZ0643,582379
CZ0643,582999
CZ0643,584142
CZ0643,584282
CZ0643,582948
CZ0643,582565
CZ0643,583936
CZ0643,583944
CZ0643,584118
CZ0643,583359
CZ0643,583481
CZ0643,583430
CZ0643,584720
CZ0643,583901
CZ0643,595551
CZ0643,591661
CZ0643,583995
CZ0643,583022
CZ0643,584177
CZ0643,587907
CZ0643,584169
CZ0643,595985
CZ0643,584843
CZ0643,583031
CZ0643,582123
CZ0643,584762
CZ0643,581577
CZ0643,583782
CZ0643,583588
CZ0643,584037
CZ0643,584274
CZ0643,583294
CZ0643,583383
CZ0643,583791
CZ0643,545295
CZ0643,582263
CZ0643,584215
CZ0643,583634
CZ0643,582913
CZ0643,584134
CZ0643,549894
CZ0643,583367
CZ0643,582930
CZ0643,582832
CZ0643,583766
CZ0643,583987
CZ0643,581437
CZ0643,583332
CZ0643,583961
CZ0643,583731
CZ0643,583065
CZ0643,584096
CZ0643,596698
CZ0643,583260
CZ0643,583545
CZ0643,597171
CZ0643,583189
CZ0643,583235
CZ0643,584011
CZ0643,581402
CZ0643,583821
CZ0643,595331
CZ0643,583928
CZ0643,583685
CZ0643,584240
CZ0643,581321
CZ0643,583707
CZ0643,583693
CZ0643,583081
CZ0643,583561
CZ0643,582921
CZ0643,595667
CZ0643,583855
CZ0643,596302
CZ0643,583600
CZ0643,583308
CZ0643,596400
CZ0643,593834
CZ0643,583651
CZ0643,583847
CZ0643,582841
CZ0643,584231
CZ0643,595527
CZ0643,583405
CZ0643,583014
CZ0643,584517
CZ0643,583448
CZ0643,584045
CZ0643,582174
CZ0643,582972
CZ0643,583375
CZ0644,558443
CZ0644,584525
CZ0644,584771
CZ0644,585050
CZ0644,584894
CZ0644,584975
CZ0644,584576
CZ0644,584665
CZ0644,584495
CZ0644,585017
CZ0644,584550
CZ0644,584291
CZ0644,550256
CZ0644,584835
CZ0644,584541
CZ0644,584321
CZ0644,584746
CZ0644,584355
CZ0644,584622
CZ0644,584592
CZ0644,584924
CZ0644,584479
CZ0644,584436
CZ0644,584797
CZ0644,584401
CZ0644,584932
CZ0644,584487
CZ0644,584371
CZ0644,584304
CZ0644,584681
CZ0644,584959
CZ0644,584860
CZ0644,584967
CZ0644,584452
CZ0644,584584
CZ0644,584916
CZ0644,584941
CZ0644,584568
CZ0644,584908
CZ0644,584461
CZ0644,584444
CZ0644,584673
CZ0644,584703
CZ0644,584711
CZ0644,584851
CZ0644,584983
CZ0644,584631
CZ0644,585009
CZ0644,584347
CZ0644,584363
CZ0644,585041
CZ0644,584789
CZ0644,584819
CZ0644,584380
CZ0644,555282
CZ0644,584428
CZ0644,584649
CZ0644,584657
CZ0644,584878
CZ0644,584754
CZ0644,584991
CZ0644,584410
CZ0644,584339
CZ0645,586781
CZ0645,586331
CZ0645,586501
CZ0645,586153
CZ0645,586641
CZ0645,586625
CZ0645,586382
CZ0645,586056
CZ0645,586099
CZ0645,586552
CZ0645,586145
CZ0645,586803
CZ0645,586170
CZ0645,586790
CZ0645,586315
CZ0645,586218
CZ0645,586242
CZ0645,586528
CZ0645,586251
CZ0645,586366
CZ0645,586102
CZ0645,586714
CZ0645,586587
CZ0645,586081
CZ0645,586030
CZ0645,586471
CZ0645,586391
CZ0645,586633
CZ0645,586358
CZ0645,586323
CZ0645,586731
CZ0645,586048
CZ0645,586811
CZ0645,586111
CZ0645,586293
CZ0645,586447
CZ0645,586021
CZ0645,586188
CZ0645,586820
CZ0645,586307
CZ0645,586609
CZ0645,586129
CZ0645,586498
CZ0645,586161
CZ0645,586838
CZ0645,586277
CZ0645,586480
CZ0645,586765
CZ0645,586668
CZ0645,586374
CZ0645,586510
CZ0645,586072
CZ0645,586722
CZ0645,586234
CZ0645,586404
CZ0645,586536
CZ0645,586650
CZ0645,586421
CZ0645,586226
CZ0645,586749
CZ0645,586200
CZ0645,586676
CZ0645,586617
CZ0645,586439
CZ0645,586269
CZ0645,586196
CZ0645,586684
CZ0645,586706
CZ0645,586595
CZ0645,586773
CZ0645,586463
CZ0645,586757
CZ0645,586340
CZ0645,586412
CZ0645,586692
CZ0645,586285
CZ0645,586579
CZ0645,586137
CZ0645,586561
CZ0645,586455
CZ0645,586544
CZ0645,593354
CZ0646,557048
CZ0646,593460
CZ0646,593591
CZ0646,593648
CZ0646,593567
CZ0646,553972
CZ0646,593494
CZ0646,593028
CZ0646,593265
CZ0646,593699
CZ0646,593401
CZ0646,592935
CZ0646,593419
CZ0646,550825
CZ0646,593095
CZ0646,593184
CZ0646,593052
CZ0646,593508
CZ0646,592919
CZ0646,593192
CZ0646,593290
CZ0646,592994
CZ0646,550108
CZ0646,593656
CZ0646,593397
CZ0646,593079
CZ0646,593427
CZ0646,593320
CZ0646,593087
CZ0646,593605
CZ0646,593281
CZ0646,593435
CZ0646,592986
CZ0646,593257
CZ0646,593061
CZ0646,593630
CZ0646,593524
CZ0646,592901
CZ0646,550191
CZ0646,592897
CZ0646,593346
CZ0646,554898
CZ0646,593486
CZ0646,593222
CZ0646,593214
CZ0646,593150
CZ0646,592889
CZ0646,592927
CZ0646,593621
CZ0646,593516
CZ0646,593532
CZ0646,593389
CZ0646,593141
CZ0646,593044
CZ0646,593681
CZ0646,593273
CZ0646,550795
CZ0646,593338
CZ0646,593583
CZ0646,550141
CZ0646,593168
CZ0646,592978
CZ0646,593702
CZ0646,593478
CZ0646,593371
CZ0646,593125
CZ0646,593036
CZ0646,550213
CZ0646,593559
CZ0646,593117
CZ0646,593010
CZ0646,593613
CZ0646,593231
CZ0646,592943
CZ0646,593249
CZ0646,550132
CZ0646,593443
CZ0646,593664
CZ0646,550175
CZ0646,593001
CZ0647,593788
CZ0647,594369
CZ0647,594342
CZ0647,595063
CZ0647,595080
CZ0647,593711
CZ0647,594431
CZ0647,594024
CZ0647,594059
CZ0647,594636
CZ0647,595021
CZ0647,594873
CZ0647,594300
CZ0647,550078
CZ0647,555231
CZ0647,594849
CZ0647,550086
CZ0647,594199
CZ0647,546941
CZ0647,593800
CZ0647,594423
CZ0647,595179
CZ0647,594415
CZ0647,594792
CZ0647,594571
CZ0647,594750
CZ0647,594440
CZ0647,587729
CZ0647,594946
CZ0647,594351
CZ0647,595047
CZ0647,594121
CZ0647,594318
CZ0647,594211
CZ0647,594407
CZ0647,593818
CZ0647,594156
CZ0647,593877
CZ0647,594512
CZ0647,594687
CZ0647,594911
CZ0647,593869
CZ0647,593974
CZ0647,595101
CZ0647,550841
CZ0647,593885
CZ0647,594105
CZ0647,595055
CZ0647,594954
CZ0647,594482
CZ0647,593923
CZ0647,594393
CZ0647,594806
CZ0647,595004
CZ0647,593907
CZ0647,594776
CZ0647,594148
CZ0647,593729
CZ0647,594172
CZ0647,594334
CZ0647,594016
CZ0647,595144
CZ0647,594679
CZ0647,594385
CZ0647,595136
CZ0647,594601
CZ0647,593982
CZ0647,594083
CZ0647,594237
CZ0647,594296
CZ0647,593991
CZ0647,594261
CZ0647,594091
CZ0647,594920
CZ0647,594563
CZ0647,594733
CZ0647,595110
CZ0647,594890
CZ0647,594644
CZ0647,594695
CZ0647,594865
CZ0647,595012
CZ0647,594474
CZ0647,594130
CZ0647,594628
CZ0647,594881
CZ0647,594521
CZ0647,595098
CZ0647,594741
CZ0647,593770
CZ0647,593753
CZ0647,595071
CZ0647,594181
CZ0647,595128
CZ0647,594831
CZ0647,593958
CZ0647,593966
CZ0647,594067
CZ0647,545325
CZ0647,595039
CZ0647,595187
CZ0647,594326
CZ0647,593893
CZ0647,594041
CZ0647,594008
CZ0647,594288
CZ0647,594814
CZ0647,594113
CZ0647,594229
CZ0647,550019
CZ0647,594610
CZ0647,595152
CZ0647,594075
CZ0647,594938
CZ0647,593826
CZ0647,593842
CZ0647,594598
CZ0647,594768
CZ0647,594032
CZ0647,594709
CZ0647,594989
CZ0647,594555
CZ0647,550051
CZ0647,594725
CZ0647,593761
CZ0647,594784
CZ0647,595161
CZ0647,594253
CZ0647,593796
CZ0647,594971
CZ0647,594466
CZ0647,593931
CZ0647,594164
CZ0647,594202
CZ0647,594652
CZ0647,594580
CZ0647,593737
CZ0647,594822
CZ0647,594270
CZ0647,594997
CZ0647,594458
CZ0647,593745
CZ0647,593851
CZ0647,595195
CZ0711,540382
CZ0711,597996
CZ0711,541117
CZ0711,533491
CZ0711,536385
CZ0711,541346
CZ0711,553484
CZ0711,536148
CZ0711,557218
CZ0711,541036
CZ0711,523917
CZ0711,524891
CZ0711,540030
CZ0711,541575
CZ0711,553468
CZ0711,569356
CZ0711,569453
CZ0711,525227
CZ0711,541303
CZ0711,569330
CZ0711,553301
CZ0711,541214
CZ0711,541249
CZ0711,540684
CZ0712,504785
CZ0712,505668
CZ0712,552089
CZ0712,547077
CZ0712,569771
CZ0712,505013
CZ0712,501476
CZ0712,552178
CZ0712,547093
CZ0712,545279
CZ0712,502405
CZ0712,504246
CZ0712,505111
CZ0712,569003
CZ0712,552038
CZ0712,552437
CZ0712,568961
CZ0712,552020
CZ0712,552151
CZ0712,500623
CZ0712,505269
CZ0712,505609
CZ0712,554901
CZ0712,502839
CZ0712,501751
CZ0712,552011
CZ0712,502545
CZ0712,505081
CZ0712,552232
CZ0712,597414
CZ0712,503622
CZ0712,503657
CZ0712,552330
CZ0712,552216
CZ0712,552356
CZ0712,502235
CZ0712,505293
CZ0712,552186
CZ0712,554103
CZ0712,503444
CZ0712,552399
CZ0712,502146
CZ0712,597678
CZ0712,500879
CZ0712,505587
CZ0712,504505
CZ0712,500135
CZ0712,552071
CZ0712,501841
CZ0712,540005
CZ0712,552062
CZ0712,500526
CZ0712,504441
CZ0712,552267
CZ0712,569844
CZ0712,500496
CZ0712,552381
CZ0712,505862
CZ0712,552305
CZ0712,505501
CZ0712,500852
CZ0712,568911
CZ0712,568392
CZ0712,552119
CZ0712,505188
CZ0712,500861
CZ0712,552411
CZ0712,547123
CZ0712,547026
CZ0712,569798
CZ0712,597686
CZ0712,552429
CZ0712,552160
CZ0712,503738
CZ0712,552402
CZ0712,552259
CZ0712,503941
CZ0712,546976
CZ0712,552194
CZ0712,505650
CZ0712,552313
CZ0712,552372
CZ0712,500801
CZ0712,552445
CZ0712,552348
CZ0712,503304
CZ0712,505161
CZ0712,501646
CZ0712,503142
CZ0712,501794
CZ0712,505366
CZ0712,554944
CZ0712,569054
CZ0712,505218
CZ0712,552364
CZ0712,568872
CZ0712,500160
CZ0712,547018
CZ0713,589616
CZ0713,589926
CZ0713,589489
CZ0713,589268
CZ0713,589578
CZ0713,557196
CZ0713,589543
CZ0713,589705
CZ0713,589659
CZ0713,589756
CZ0713,589942
CZ0713,590100
CZ0713,589624
CZ0713,558419
CZ0713,589870
CZ0713,590029
CZ0713,589560
CZ0713,590151
CZ0713,590002
CZ0713,589527
CZ0713,589721
CZ0713,590096
CZ0713,589586
CZ0713,590142
CZ0713,590118
CZ0713,589381
CZ0713,589730
CZ0713,589331
CZ0713,590185
CZ0713,589829
CZ0713,589438
CZ0713,589748
CZ0713,590134
CZ0713,590088
CZ0713,549983
CZ0713,590011
CZ0713,589845
CZ0713,549967
CZ0713,589284
CZ0713,589608
CZ0713,589306
CZ0713,589632
CZ0713,589799
CZ0713,589314
CZ0713,590126
CZ0713,589594
CZ0713,589349
CZ0713,589977
CZ0713,589683
CZ0713,589802
CZ0713,590207
CZ0713,589390
CZ0713,590053
CZ0713,590215
CZ0713,589322
CZ0713,589641
CZ0713,589853
CZ0713,590061
CZ0713,590223
CZ0713,589462
CZ0713,589497
CZ0713,506770
CZ0713,589713
CZ0713,589764
CZ0713,590070
CZ0713,589969
CZ0713,589675
CZ0713,589454
CZ0713,590193
CZ0713,589357
CZ0713,589250
CZ0713,589837
CZ0713,543543
CZ0713,589811
CZ0713,590177
CZ0713,589918
CZ0713,506761
CZ0713,589420
CZ0713,590045
CZ0713,589365
CZ0713,589934
CZ0713,589691
CZ0713,590240
CZ0713,589501
CZ0713,589772
CZ0713,589896
CZ0713,589888
CZ0713,589667
CZ0713,589951
CZ0713,589519
CZ0713,589276
CZ0713,589993
CZ0713,544710
CZ0713,589403
CZ0713,589446
CZ0713,589535
CZ0713,589292
CZ0714,513733
CZ0714,569283
CZ0714,516635
CZ0714,516201
CZ0714,552836
CZ0714,552780
CZ0714,512877
CZ0714,523453
CZ0714,516694
CZ0714,552950
CZ0714,569267
CZ0714,516899
CZ0714,514152
CZ0714,517909
CZ0714,522775
CZ0714,517844
CZ0714,513199
CZ0714,515191
CZ0714,512401
CZ0714,517585
CZ0714,552879
CZ0714,516911
CZ0714,523640
CZ0714,515787
CZ0714,556998
CZ0714,520306
CZ0714,512532
CZ0714,570079
CZ0714,517151
CZ0714,547514
CZ0714,513750
CZ0714,512826
CZ0714,517836
CZ0714,513768
CZ0714,512982
CZ0714,552771
CZ0714,569542
CZ0714,515477
CZ0714,516350
CZ0714,514527
CZ0714,547433
CZ0714,517666
CZ0714,552755
CZ0714,517321
CZ0714,512800
CZ0714,517437
CZ0714,569259
CZ0714,569194
CZ0714,521531
CZ0714,514446
CZ0714,516619
CZ0714,514055
CZ0714,517615
CZ0714,517747
CZ0714,552968
CZ0714,569275
CZ0714,569135
CZ0714,511382
CZ0714,519651
CZ0714,552909
CZ0714,513491
CZ0714,517534
CZ0714,513105
CZ0714,552887
CZ0714,517101
CZ0714,516686
CZ0714,513059
CZ0714,569143
CZ0714,515825
CZ0714,519146
CZ0714,520420
CZ0714,514772
CZ0714,513067
CZ0714,517275
CZ0714,513211
CZ0714,517569
CZ0714,517208
CZ0714,553000
CZ0714,519031
CZ0714,547450
CZ0714,516864
CZ0714,552844
CZ0714,552984
CZ0714,569178
CZ0714,514471
CZ0714,520047
CZ0714,514047
CZ0714,512281
CZ0714,517607
CZ0714,517224
CZ0714,513229
CZ0714,517445
CZ0714,515329
CZ0714,513636
CZ0714,552810
CZ0714,517887
CZ0714,514497
CZ0714,515418
CZ0714,514705
CZ0714,500151
CZ0714,513873
CZ0714,512231
CZ0714,514802
CZ0714,518026
CZ0714,570061
CZ0715,540731
CZ0715,530727
CZ0715,536733
CZ0715,553336
CZ0715,536687
CZ0715,532894
CZ0715,525880
CZ0715,570338
CZ0715,540226
CZ0715,523704
CZ0715,541222
CZ0715,526169
CZ0715,540234
CZ0715,540854
CZ0715,553352
CZ0715,540471
CZ0715,539961
CZ0715,536814
CZ0715,536113
CZ0715,540501
CZ0715,536393
CZ0715,525588
CZ0715,553247
CZ0715,540609
CZ0715,553344
CZ0715,541478
CZ0715,525979
CZ0715,569372
CZ0715,535770
CZ0715,536091
CZ0715,541109
CZ0715,540986
CZ0715,570117
CZ0715,540544
CZ0715,553379
CZ0715,536571
CZ0715,540919
CZ0715,540366
CZ0715,553191
CZ0715,540650
CZ0715,553221
CZ0715,569445
CZ0715,569305
CZ0715,553395
CZ0715,554146
CZ0715,540871
CZ0715,537284
CZ0715,541125
CZ0715,541079
CZ0715,540862
CZ0715,540331
CZ0715,541265
CZ0715,541354
CZ0715,525804
CZ0715,553476
CZ0715,570141
CZ0715,570281
CZ0715,534927
CZ0715,540978
CZ0715,540510
CZ0715,540161
CZ0715,536288
CZ0715,540196
CZ0715,570095
CZ0715,569437
CZ0715,540480
CZ0715,536521
CZ0715,535885
CZ0715,540773
CZ0715,537713
CZ0715,553387
CZ0715,540595
CZ0715,553212
CZ0715,533688
CZ0715,541168
CZ0715,535532
CZ0715,500020
CZ0715,569381
CZ0721,588784
CZ0721,588644
CZ0721,588512
CZ0721,588946
CZ0721,589195
CZ0721,588610
CZ0721,588865
CZ0721,587397
CZ0721,588407
CZ0721,588296
CZ0721,588971
CZ0721,587354
CZ0721,588482
CZ0721,588491
CZ0721,588849
CZ0721,589047
CZ0721,588458
CZ0721,542342
CZ0721,588717
CZ0721,589225
CZ0721,588873
CZ0721,549690
CZ0721,588920
CZ0721,588601
CZ0721,589152
CZ0721,589217
CZ0721,588636
CZ0721,553905
CZ0721,589187
CZ0721,588831
CZ0721,588598
CZ0721,588741
CZ0721,588431
CZ0721,588962
CZ0721,588806
CZ0721,588300
CZ0721,589128
CZ0721,542393
CZ0721,588504
CZ0721,589136
CZ0721,588563
CZ0721,588695
CZ0721,588903
CZ0721,542318
CZ0721,588709
CZ0721,557188
CZ0721,588938
CZ0721,549720
CZ0721,589098
CZ0721,589161
CZ0721,588989
CZ0721,588555
CZ0721,588652
CZ0721,588474
CZ0721,589039
CZ0721,588326
CZ0721,588393
CZ0721,588814
CZ0721,588725
CZ0721,588628
CZ0721,589110
CZ0721,588733
CZ0721,588661
CZ0721,588547
CZ0721,588377
CZ0721,589233
CZ0721,589004
CZ0721,587257
CZ0721,506737
CZ0721,588385
CZ0721,589055
CZ0721,589080
CZ0721,588954
CZ0721,588768
CZ0721,588750
CZ0721,588890
CZ0721,588997
CZ0721,588822
CZ0721,588521
CZ0722,592072
CZ0722,592692
CZ0722,592293
CZ0722,592463
CZ0722,592471
CZ0722,592552
CZ0722,592200
CZ0722,592803
CZ0722,592056
CZ0722,592650
CZ0722,592145
CZ0722,550752
CZ0722,592111
CZ0722,592170
CZ0722,592871
CZ0722,592048
CZ0722,592641
CZ0722,592102
CZ0722,550744
CZ0722,592714
CZ0722,592188
CZ0722,592218
CZ0722,592340
CZ0722,592391
CZ0722,592862
CZ0722,592196
CZ0722,592501
CZ0722,592439
CZ0722,592021
CZ0722,592838
CZ0722,592536
CZ0722,592234
CZ0722,592749
CZ0722,592447
CZ0722,592421
CZ0722,592277
CZ0722,592587
CZ0722,592030
CZ0722,592510
CZ0722,592269
CZ0722,592781
CZ0722,592382
CZ0722,592846
CZ0722,592081
CZ0722,592668
CZ0722,592366
CZ0722,592731
CZ0722,592528
CZ0722,592561
CZ0722,592854
CZ0722,592323
CZ0722,592404
CZ0722,592307
CZ0722,592455
CZ0722,592153
CZ0722,550736
CZ0722,592285
CZ0722,592722
CZ0722,592633
CZ0722,592676
CZ0722,592773
CZ0722,592480
CZ0722,592412
CZ0722,592609
CZ0722,592790
CZ0722,592498
CZ0722,592820
CZ0722,592013
CZ0722,592625
CZ0722,592137
CZ0722,592005
CZ0722,592757
CZ0722,592706
CZ0722,592617
CZ0722,592226
CZ0722,592099
CZ0722,592579
CZ0722,592064
CZ0723,544990
CZ0723,542903
CZ0723,542725
CZ0723,556866
CZ0723,545244
CZ0723,544841
CZ0723,545112
CZ0723,541711
CZ0723,544370
CZ0723,542946
CZ0723,500071
CZ0723,544787
CZ0723,545058
CZ0723,570346
CZ0723,543098
CZ0723,542831
CZ0723,544302
CZ0723,545147
CZ0723,544655
CZ0723,544469
CZ0723,542814
CZ0723,544906
CZ0723,542784
CZ0723,544566
CZ0723,542768
CZ0723,544931
CZ0723,545163
CZ0723,544728
CZ0723,544396
CZ0723,545198
CZ0723,541648
CZ0723,553026
CZ0723,544850
CZ0723,544264
CZ0723,569496
CZ0723,542679
CZ0723,541630
CZ0723,542997
CZ0723,544698
CZ0723,543021
CZ0723,542865
CZ0723,542750
CZ0723,544922
CZ0723,544434
CZ0723,544507
CZ0723,570371
CZ0723,545236
CZ0723,542644
CZ0723,544418
CZ0723,544949
CZ0723,542911
CZ0723,544621
CZ0723,544914
CZ0723,545252
CZ0723,541800
CZ0723,542687
CZ0723,544671
CZ0723,544574
CZ0723,500062
CZ0723,542989
CZ0723,545210
CZ0724,549461
CZ0724,585289
CZ0724,557145
CZ0724,585793
CZ0724,585807
CZ0724,585548
CZ0724,585319
CZ0724,585459
CZ0724,585769
CZ0724,585971
CZ0724,586919
CZ0724,585882
CZ0724,585262
CZ0724,585556
CZ0724,586871
CZ0724,585505
CZ0724,549622
CZ0724,585076
CZ0724,585661
CZ0724,585599
CZ0724,585530
CZ0724,585238
CZ0724,585114
CZ0724,585513
CZ0724,585343
CZ0724,585611
CZ0724,585963
CZ0724,585254
CZ0724,585874
CZ0724,586013
CZ0724,573434
CZ0724,585815
CZ0724,592251
CZ0724,585751
CZ0724,587052
CZ0724,585211
CZ0724,557102
CZ0724,585734
CZ0724,585521
CZ0724,585866
CZ0724,586960
CZ0724,585271
CZ0724,585467
CZ0724,534811
CZ0724,585203
CZ0724,556874
CZ0724,585998
CZ0724,585726
CZ0724,586994
CZ0724,585068
CZ0724,585092
CZ0724,585858
CZ0724,588318
CZ0724,549401
CZ0724,585190
CZ0724,585670
CZ0724,585831
CZ0724,549533
CZ0724,585173
CZ0724,585777
CZ0724,557170
CZ0724,585327
CZ0724,585980
CZ0724,549444
CZ0724,585246
CZ0724,549550
CZ0724,549649
CZ0724,585921
CZ0724,585181
CZ0724,585891
CZ0724,549436
CZ0724,585157
CZ0724,585912
CZ0724,556980
CZ0724,585955
CZ0724,585939
CZ0724,538744
CZ0724,500011
CZ0724,585165
CZ0724,585149
CZ0724,585220
CZ0724,585432
CZ0724,585483
CZ0724,585301
CZ0724,585106
CZ0724,585491
CZ0724,585131
CZ0724,535184
CZ0724,585441
CZ0801,597431
CZ0801,597325
CZ0801,597350
CZ0801,597881
CZ0801,569607
CZ0801,551732
CZ0801,597317
CZ0801,597538
CZ0801,597546
CZ0801,597210
CZ0801,551805
CZ0801,597481
CZ0801,546950
CZ0801,597813
CZ0801,551848
CZ0801,551767
CZ0801,597449
CZ0801,597716
CZ0801,551929
CZ0801,551724
CZ0801,551708
CZ0801,597961
CZ0801,597473
CZ0801,551996
CZ0801,569526
CZ0801,597899
CZ0801,597741
CZ0801,551821
CZ0801,597937
CZ0801,551864
CZ0801,597228
CZ0801,551945
CZ0801,597520
CZ0801,597180
CZ0801,597368
CZ0801,597783
CZ0801,551911
CZ0801,597554
CZ0801,597791
CZ0801,569551
CZ0801,597287
CZ0801,597457
CZ0801,551694
CZ0801,597601
CZ0801,597724
CZ0801,597911
CZ0801,597872
CZ0801,597252
CZ0801,597341
CZ0801,597571
CZ0801,597511
CZ0801,569577
CZ0801,551902
CZ0801,597198
CZ0801,597775
CZ0801,597392
CZ0801,551881
CZ0801,552003
CZ0801,597589
CZ0801,551872
CZ0801,551813
CZ0801,597988
CZ0801,597635
CZ0801,597201
CZ0801,551783
CZ0801,597945
CZ0801,597970
CZ0802,511986
CZ0802,552623
CZ0802,507458
CZ0802,549673
CZ0802,598542
CZ0802,598321
CZ0802,554928
CZ0802,568813
CZ0802,552658
CZ0802,512028
CZ0802,552500
CZ0802,507181
CZ0802,552640
CZ0802,598453
CZ0802,552569
CZ0802,549665
CZ0802,512176
CZ0802,554014
CZ0802,552607
CZ0802,598101
CZ0802,598569
CZ0802,598551
CZ0802,598445
CZ0802,598232
CZ0802,552542
CZ0802,598674
CZ0802,552488
CZ0802,552615
CZ0802,598348
CZ0802,598691
CZ0802,568791
CZ0802,552518
CZ0802,552631
CZ0802,598143
CZ0802,569631
CZ0802,598399
CZ0802,598071
CZ0802,511951
CZ0802,512192
CZ0802,598259
CZ0802,598356
CZ0802,568163
CZ0802,552551
CZ0802,556971
CZ0802,598160
CZ0802,507237
CZ0802,598046
CZ0802,557226
CZ0802,552682
CZ0802,598135
CZ0802,552691
CZ0802,511935
CZ0802,598011
CZ0802,598364
CZ0802,598275
CZ0802,507547
CZ0802,598810
CZ0802,552593
CZ0802,598003
CZ0802,598062
CZ0802,598038
CZ0802,511633
CZ0802,512184
CZ0802,568830
CZ0802,598020
CZ0802,507423
CZ0802,507091
CZ0802,552674
CZ0802,552526
CZ0802,598089
CZ0802,598747
CZ0802,552577
CZ0803,599051
CZ0803,555291
CZ0803,598178
CZ0803,598925
CZ0803,599140
CZ0803,599077
CZ0803,598968
CZ0803,568864
CZ0803,599069
CZ0803,598933
CZ0803,599107
CZ0803,598917
CZ0803,598941
CZ0803,599158
CZ0803,555088
CZ0803,552739
CZ0803,599085
CZ0804,599743
CZ0804,568406
CZ0804,555312
CZ0804,554936
CZ0804,568546
CZ0804,568732
CZ0804,568481
CZ0804,547000
CZ0804,599565
CZ0804,599409
CZ0804,599956
CZ0804,568562
CZ0804,599964
CZ0804,554065
CZ0804,599999
CZ0804,569755
CZ0804,599646
CZ0804,599701
CZ0804,568716
CZ0804,599689
CZ0804,546984
CZ0804,599930
CZ0804,599808
CZ0804,568431
CZ0804,599867
CZ0804,568511
CZ0804,599948
CZ0804,568589
CZ0804,568571
CZ0804,569747
CZ0804,568422
CZ0804,568741
CZ0804,568473
CZ0804,554171
CZ0804,599247
CZ0804,554910
CZ0804,599212
CZ0804,568775
CZ0804,556858
CZ0804,500046
CZ0804,500259
CZ0804,599191
CZ0804,599921
CZ0804,569666
CZ0804,599352
CZ0804,599905
CZ0804,599832
CZ0804,568643
CZ0804,568554
CZ0804,599603
CZ0804,568686
CZ0804,599468
CZ0804,599344
CZ0804,599506
CZ0805,553115
CZ0805,568244
CZ0805,510343
CZ0805,547131
CZ0805,547182
CZ0805,569101
CZ0805,568368
CZ0805,547191
CZ0805,512923
CZ0805,509647
CZ0805,512745
CZ0805,507504
CZ0805,512907
CZ0805,509574
CZ0805,506192
CZ0805,568236
CZ0805,568333
CZ0805,570036
CZ0805,506702
CZ0805,510491
CZ0805,553158
CZ0805,568317
CZ0805,553107
CZ0805,553042
CZ0805,507113
CZ0805,512974
CZ0805,555274
CZ0805,553051
CZ0805,507105
CZ0805,568341
CZ0805,510939
CZ0805,568198
CZ0805,510378
CZ0805,506320
CZ0805,569950
CZ0805,509612
CZ0805,508128
CZ0805,553492
CZ0805,506451
CZ0805,507334
CZ0805,597821
CZ0805,506753
CZ0805,507971
CZ0805,554197
CZ0805,569097
CZ0805,507270
CZ0805,510432
CZ0805,510483
CZ0805,507580
CZ0805,512869
CZ0805,568376
CZ0805,553093
CZ0805,507920
CZ0805,509841
CZ0805,568210
CZ0805,510297
CZ0805,507261
CZ0805,509736
CZ0805,506460
CZ0805,510289
CZ0805,568228
CZ0805,568180
CZ0805,507016
CZ0805,506214
CZ0805,568279
CZ0805,510131
CZ0805,505927
CZ0805,511021
CZ0805,569909
CZ0805,568261
CZ0805,508373
CZ0805,512893
CZ0805,510891
CZ0805,511161
CZ0805,507377
CZ0805,508144
CZ0805,569895
CZ0806,598739
CZ0806,598836
CZ0806,569119
CZ0806,599549
CZ0806,598798
CZ0806,569500
CZ0806,510882
CZ0806,554049
CZ0806,568449
CZ0806,500291
CZ0806,506711
CZ0806,598879
CZ0806,554821
